Destination Port,Flow Duration,Total Fwd Packets,Total Backward Packets,Total Length of Fwd Packets,Total Length of Bwd Packets,Fwd Packet Length Max,Fwd Packet Length Min,Fwd Packet Length Mean,Fwd Packet Length Std,Bwd Packet Length Max,Bwd Packet Length Min,Bwd Packet Length Mean,Bwd Packet Length Std,Flow Bytes/s,Flow Packets/s,Flow IAT Mean,Flow IAT Std,Flow IAT Max,Flow IAT Min,Fwd IAT Total,Fwd IAT Mean,Fwd IAT Std,Fwd IAT Max,Fwd IAT Min,Bwd IAT Total,Bwd IAT Mean,Bwd IAT Std,Bwd IAT Max,Bwd IAT Min,Fwd PSH Flags,Bwd PSH Flags,Fwd URG Flags,Bwd URG Flags,Fwd Header Length,Bwd Header Length,Fwd Packets/s,Bwd Packets/s,Min Packet Length,Max Packet Length,Packet Length Mean,Packet Length Std,Packet Length Variance,FIN Flag Count,SYN Flag Count,RST Flag Count,PSH Flag Count,ACK Flag Count,URG Flag Count,CWE Flag Count,ECE Flag Count,Down/Up Ratio,Average Packet Size,Avg Fwd Segment Size,Avg Bwd Segment Size,Fwd Avg Bytes/Bulk,Fwd Avg Packets/Bulk,Fwd Avg Bulk Rate,Bwd Avg Bytes/Bulk,Bwd Avg Packets/Bulk,Bwd Avg Bulk Rate,Subflow Fwd Packets,Subflow Fwd Bytes,Subflow Bwd Packets,Subflow Bwd Bytes,Init_Win_bytes_forward,Init_Win_bytes_backward,act_data_pkt_fwd,min_seg_size_forward,Active Mean,Active Std,Active Max,Active Min,Idle Mean,Idle Std,Idle Max,Idle Min,Label,source_file
53,33757,4,2,140,160,35,35,35.0,0.0,80,80,80.0,0.0,8887.0456497912,177.7409129958,6751.4,13572.6020828727,30933,3,30939,10313.0,17857.4438260351,30933,3,4,4.0,0.0,4,4,0,0,0,0,80,40,118.4939419972,59.2469709986,35,80,47.8571428571,21.9577516413,482.1428571429,0,0,0,0,0,0,0,0,0,55.8333333333,35.0,80.0,0,0,0,0,0,0,4,140,2,160,-1,-1,3,20,0.0,0.0,0,0,0.0,0.0,0,0,BENIGN,Monday-WorkingHours.pcap_ISCX.csv
53,23508,1,1,57,73,57,57,57.0,0.0,73,73,73.0,0.0,5530.0323294198,85.0774204526,23508.0,0.0,23508,23508,0,0.0,0.0,0,0,0,0.0,0.0,0,0,0,0,0,0,44,20,42.5387102263,42.5387102263,57,73,62.3333333333,9.237604307,85.3333333333,0,0,0,0,0,0,0,0,1,93.5,57.0,73.0,0,0,0,0,0,0,1,57,1,73,-1,-1,0,44,0.0,0.0,0,0,0.0,0.0,0,0,BENIGN,Monday-WorkingHours.pcap_ISCX.csv
443,13985863,23,17,12338,6386,1960,0,536.4347826087,677.824717627,1834,0,375.6470588235,591.2395814279,1338.7804528044,2.8600308755,358611.871794872,1461850.86973571,8878380,3,13985863,635721.045454545,1919115.18586349,8878380,15,5036427,314776.6875,656147.730238724,2031990,49,0,0,0,0,472,352,1.6445177534,1.2155131221,0,1960,456.6829268293,635.7540970778,404183.271951219,0,0,0,1,0,0,0,0,0,468.1,536.4347826087,375.6470588235,0,0,0,0,0,0,23,12338,17,6386,8192,512,22,20,0.0,0.0,0,0,0.0,0.0,0,0,BENIGN,Monday-WorkingHours.pcap_ISCX.csv
443,9007944,13,8,7278,607,1484,0,559.8461538462,640.6271466506,223,0,75.875,101.6400335919,875.3384790136,2.3312755941,450397.2,1776799.15241652,7962246,3,9007944,750662.0,2282012.7087232,7962246,28,977298,139614.0,320405.41733508,864278,3,0,0,0,0,272,172,1.4431706059,0.8881049882,0,1484,358.4090909091,547.3622165476,299605.396103896,0,0,0,1,0,0,0,0,0,375.4761904762,559.8461538462,75.875,0,0,0,0,0,0,13,7278,8,607,8192,341,12,20,0.0,0.0,0,0,0.0,0.0,0,0,BENIGN,Monday-WorkingHours.pcap_ISCX.csv
443,1031951,8,7,1128,759,544,0,141.0,240.8823067689,531,0,108.4285714286,193.8314191446,1828.5751939772,14.535573879,73710.7857142857,238196.260080173,899654,3,1031951,147421.571428571,332304.944106492,899654,200,67279,11213.1666666667,13459.3459635551,33086,3,0,0,0,0,172,152,7.7523060688,6.7832678102,0,544,117.9375,208.229190637,43359.3958333333,0,0,0,1,0,0,0,0,0,125.8,141.0,108.4285714286,0,0,0,0,0,0,8,1128,7,759,8192,31,7,20,0.0,0.0,0,0,0.0,0.0,0,0,BENIGN,Monday-WorkingHours.pcap_ISCX.csv
443,9006071,5,4,580,149,517,0,116.0,225.1010884025,137,0,37.25,66.560123197,80.9453978322,0.9993258992,1125758.875,3106471.37577498,8813429,82,9006071,2251517.75,4434494.30603907,8903161,227,141716,47238.6666666667,44993.2790129074,89846,189,0,0,0,0,112,92,0.5551810551,0.4441448441,0,517,72.9,161.8157044981,26184.3222222222,0,0,0,1,0,0,0,0,0,81.0,116.0,37.25,0,0,0,0,0,0,5,580,4,149,8192,219,4,20,0.0,0.0,0,0,0.0,0.0,0,0,BENIGN,Monday-WorkingHours.pcap_ISCX.csv
443,9982809,7,5,2803,1969,2497,0,400.4285714286,928.3933895253,1812,0,393.8,795.1491683955,478.02176722,1.2020664725,907528.090909091,2943410.92520737,9781988,3,9982809,1663801.5,3977189.6329476,9781988,274,149455,37363.75,28926.6698552852,66847,3,0,0,0,0,152,112,0.7012054423,0.5008610302,0,2497,367.0769230769,808.6324321077,653886.41025641,0,0,0,1,0,0,0,0,0,397.6666666667,400.4285714286,393.8,0,0,0,0,0,0,7,2803,5,1969,8192,133,6,20,0.0,0.0,0,0,0.0,0.0,0,0,BENIGN,Monday-WorkingHours.pcap_ISCX.csv
443,6500663,8,7,821,4758,460,0,102.625,163.8317407761,1460,0,679.7142857143,678.0574494554,858.220153852,2.3074569471,464333.071428571,1712739.27547205,6415002,48,6500663,928666.142857143,2419271.58202308,6415002,134,63219,10536.5,10887.1691591524,24485,48,0,0,0,0,172,152,1.2306437051,1.076813242,0,1460,348.6875,536.6231102925,287964.3625,0,0,0,1,0,0,0,0,0,371.9333333333,102.625,679.7142857143,0,0,0,0,0,0,8,821,7,4758,8192,123,7,20,0.0,0.0,0,0,0.0,0.0,0,0,BENIGN,Monday-WorkingHours.pcap_ISCX.csv
443,9349912,8,7,1049,561,709,0,131.125,247.5539984384,389,0,80.1428571429,140.5079221627,172.1941340197,1.6042931741,667850.857142857,2457622.33964296,9206419,29,9349912,1335701.71428571,3470791.56668897,9206419,51,64809,10801.5,14114.5097931172,29099,82,0,0,0,0,172,152,0.8556230262,0.7486701479,0,709,100.625,194.5832726624,37862.65,0,0,0,1,0,0,0,0,0,107.3333333333,131.125,80.1428571429,0,0,0,0,0,0,8,1049,7,561,8192,8499,7,20,0.0,0.0,0,0,0.0,0.0,0,0,BENIGN,Monday-WorkingHours.pcap_ISCX.csv
443,10233047,12,12,5367,8911,2497,0,447.25,959.5349370682,1811,2,742.5833333333,727.6109672737,1395.2833403384,2.3453424967,444915.086956522,2053726.13088375,9865491,10,10233047,930277.0,2963629.89734309,9865491,102,316786,28798.7272727273,34374.1294845147,96180,48,0,0,0,0,252,244,1.1726712484,1.1726712484,0,2497,571.12,837.0203760961,700603.11,0,0,0,1,0,0,0,0,1,594.9166666667,447.25,742.5833333333,0,0,0,0,0,0,12,5367,12,8911,8192,40880,11,20,0.0,0.0,0,0,0.0,0.0,0,0,BENIGN,Monday-WorkingHours.pcap_ISCX.csv
443,9340798,8,7,364,4816,208,0,45.5,78.155522609,1460,0,688.0,660.06969329,554.5564736546,1.6058585144,667199.857142857,2448217.24931814,9173047,35,9340798,1334399.71428571,3456643.72099549,9173047,82,84951,14158.5,21157.6980293226,44918,54,0,0,0,0,172,152,0.8564578744,0.7494006401,0,1460,323.75,536.0258078364,287323.666666667,0,0,0,1,0,0,0,0,0,345.3333333333,45.5,688.0,0,0,0,0,0,0,8,364,7,4816,8192,946,7,20,0.0,0.0,0,0,0.0,0.0,0,0,BENIGN,Monday-WorkingHours.pcap_ISCX.csv
443,9340982,8,7,364,4816,208,0,45.5,78.155522609,1460,0,688.0,660.06969329,554.5455499218,1.605826882,667213.0,2445369.72433863,9163149,46,9340982,1334426.0,3452279.47677651,9163149,74,89838,14973.0,22319.7603033724,49400,49,0,0,0,0,172,152,0.8564410037,0.7493858783,0,1460,323.75,536.0258078364,287323.666666667,0,0,0,1,0,0,0,0,0,345.3333333333,45.5,688.0,0,0,0,0,0,0,8,364,7,4816,8192,946,7,20,0.0,0.0,0,0,0.0,0.0,0,0,BENIGN,Monday-WorkingHours.pcap_ISCX.csv
443,9752177,8,9,358,5505,202,0,44.75,76.382028552,2240,0,611.6666666667,864.9427726734,601.1990963659,1.7432005182,609511.0625,2334685.5560681,9361535,3,9752177,1393168.14285714,3622163.17385254,9607287,3,368061,46007.625,86973.1490271361,245804,4,0,0,0,0,172,192,0.8203296556,0.9228708626,0,2240,325.7222222222,664.1838694355,441140.212418301,0,0,0,1,0,0,0,0,1,344.8823529412,44.75,611.6666666667,0,0,0,0,0,0,8,358,9,5505,8192,433,7,20,0.0,0.0,0,0,0.0,0.0,0,0,BENIGN,Monday-WorkingHours.pcap_ISCX.csv
443,9340422,8,6,364,4816,208,0,45.5,78.155522609,2636,0,802.6666666667,1048.4118783506,554.5787974034,1.4988616146,718494.0,2537896.12080114,9164850,0,9340422,1334346.0,3453096.33866949,9164850,157,81869,16373.8,21402.1235091287,41901,50,0,0,0,0,172,132,0.8564923512,0.6423692634,0,2636,345.3333333333,738.3366118384,545140.952380952,0,0,0,1,0,0,0,0,0,370.0,45.5,802.6666666667,0,0,0,0,0,0,8,364,6,4816,8192,946,7,20,0.0,0.0,0,0,0.0,0.0,0,0,BENIGN,Monday-WorkingHours.pcap_ISCX.csv
443,9340626,8,7,365,4816,209,0,45.625,78.4527837984,1460,0,688.0,660.06969329,554.6737445649,1.605888085,667187.571428571,2440597.85996665,9146513,15,9340626,1334375.14285714,3444982.37933585,9146513,123,99319,16553.1666666667,23413.4404256757,53453,48,0,0,0,0,172,152,0.8564736453,0.7494144397,0,1460,323.8125,536.0114698711,287308.295833333,0,0,0,1,0,0,0,0,0,345.4,45.625,688.0,0,0,0,0,0,0,8,365,7,4816,8192,946,7,20,0.0,0.0,0,0,0.0,0.0,0,0,BENIGN,Monday-WorkingHours.pcap_ISCX.csv
443,9340879,8,7,365,4816,209,0,45.625,78.4527837984,1460,0,688.0,660.06969329,554.6587210904,1.6058445891,667205.642857143,2440626.58883479,9146663,16,9340879,1334411.28571429,3445002.6658335,9146663,146,108109,18018.1666666667,26294.7682888948,62206,48,0,0,0,0,172,152,0.8564504475,0.7493941416,0,1460,323.8125,536.0114698711,287308.295833333,0,0,0,1,0,0,0,0,0,345.4,45.625,688.0,0,0,0,0,0,0,8,365,7,4816,8192,946,7,20,0.0,0.0,0,0,0.0,0.0,0,0,BENIGN,Monday-WorkingHours.pcap_ISCX.csv
443,9340915,8,6,364,4816,208,0,45.5,78.155522609,2920,0,802.6666666667,1124.7326200776,554.5495275356,1.4987825069,718531.923076923,2534396.25061185,9153293,26,9340915,1334416.42857143,3447918.02504897,9153293,211,101849,20369.8,24911.4587328803,55530,192,0,0,0,0,172,132,0.8564471468,0.6423353601,0,2920,345.3333333333,777.4157434058,604375.238095238,0,0,0,1,0,0,0,0,0,370.0,45.5,802.6666666667,0,0,0,0,0,0,8,364,6,4816,8192,946,7,20,0.0,0.0,0,0,0.0,0.0,0,0,BENIGN,Monday-WorkingHours.pcap_ISCX.csv
443,9340696,8,7,365,4816,209,0,45.625,78.4527837984,1460,0,688.0,660.06969329,554.6695877909,1.6058760504,667192.571428572,2443148.30786387,9155404,20,9340696,1334385.14285714,3448887.69334092,9155404,256,98117,16352.8333333333,23077.9350152189,52344,48,0,0,0,0,172,152,0.8564672269,0.7494088235,0,1460,323.8125,536.0114698711,287308.295833333,0,0,0,1,0,0,0,0,0,345.4,45.625,688.0,0,0,0,0,0,0,8,365,7,4816,8192,946,7,20,0.0,0.0,0,0,0.0,0.0,0,0,BENIGN,Monday-WorkingHours.pcap_ISCX.csv
443,4324667,8,6,1078,3499,730,0,134.75,251.5277604673,1460,0,583.1666666667,662.5989485855,1058.3473825846,3.2372434687,332666.692307692,1086379.87400321,3946113,71,4324667,617809.571428572,1468369.21062391,3946113,174,255547,51109.4,46001.1599560272,85119,203,0,0,0,0,172,132,1.8498534107,1.387390058,0,1460,305.1333333333,494.7738107555,244801.123809524,0,0,0,1,0,0,0,0,0,326.9285714286,134.75,583.1666666667,0,0,0,0,0,0,8,1078,6,3499,8192,115,7,20,0.0,0.0,0,0,0.0,0.0,0,0,BENIGN,Monday-WorkingHours.pcap_ISCX.csv
443,9753054,5,4,580,149,517,0,116.0,225.1010884025,137,0,37.25,66.560123197,74.7458180791,0.9227878775,1219131.75,3356673.44895494,9526132,50,9753054,2438263.5,4782065.15786632,9611361,45936,181036,60345.3333333333,51869.8199855497,94800,690,0,0,0,0,112,92,0.512659932,0.4101279456,0,517,72.9,161.8157044981,26184.3222222222,0,0,0,1,0,0,0,0,0,81.0,116.0,37.25,0,0,0,0,0,0,5,580,4,149,8192,231,4,20,0.0,0.0,0,0,0.0,0.0,0,0,BENIGN,Monday-WorkingHours.pcap_ISCX.csv
443,9753071,7,5,358,5376,208,0,51.1428571429,82.6386281175,2198,0,1075.2,919.3330190959,587.917385201,1.2303816921,886642.818181818,2894176.18366422,9612753,50,9753071,1625511.83333333,3912999.82904464,9612753,124,75971,18992.75,27577.0436217639,58577,50,0,0,0,0,152,112,0.7177226537,0.5126590384,0,2198,441.0769230769,746.7215524699,557593.076923077,0,0,0,1,0,0,0,0,0,477.8333333333,51.1428571429,1075.2,0,0,0,0,0,0,7,358,5,5376,8192,60,6,20,0.0,0.0,0,0,0.0,0.0,0,0,BENIGN,Monday-WorkingHours.pcap_ISCX.csv
443,8420110,8,5,367,5376,211,0,45.875,79.0486965647,2198,0,1075.2,919.3330190959,682.0575978224,1.5439228229,701675.833333333,2397546.36180294,8314741,3,8420110,1202872.85714286,3136137.55428199,8314741,3,35289,8822.25,10039.0356235049,17952,50,0,0,0,0,172,112,0.9501063525,0.5938164703,0,2198,410.2142857143,726.7252341388,528129.565934066,0,0,0,1,0,0,0,0,0,441.7692307692,45.875,1075.2,0,0,0,0,0,0,8,367,5,5376,8192,60,7,20,0.0,0.0,0,0,0.0,0.0,0,0,BENIGN,Monday-WorkingHours.pcap_ISCX.csv
443,4231997,8,5,1060,3747,677,0,132.5,234.2782228767,1460,0,749.4,619.20820408,1135.8703704185,3.071835826,352666.416666667,1154435.24349421,4017954,117,4231997,604571.0,1505374.0957556,4017954,171,152578,38144.5,26035.0925547295,59234,216,0,0,0,0,172,112,1.8903605083,1.1814753177,0,1460,343.3571428571,497.3632950397,247370.247252747,0,0,0,1,0,0,0,0,0,369.7692307692,132.5,749.4,0,0,0,0,0,0,8,1060,5,3747,8192,128,7,20,0.0,0.0,0,0,0.0,0.0,0,0,BENIGN,Monday-WorkingHours.pcap_ISCX.csv
443,4009677,7,5,1935,942,1632,0,276.4285714286,603.6002698097,785,0,188.4,339.0609089824,717.5141538832,2.9927597659,364516.090909091,1109583.54734995,3708060,129,4009677,668279.5,1490071.92808935,3708060,169,173801,43450.25,48330.1722348473,85620,462,0,0,0,0,152,112,1.7457765301,1.2469832358,0,1632,221.3076923077,476.2272539827,226792.397435897,0,0,0,1,0,0,0,0,0,239.75,276.4285714286,188.4,0,0,0,0,0,0,7,1935,5,942,8192,87,6,20,0.0,0.0,0,0,0.0,0.0,0,0,BENIGN,Monday-WorkingHours.pcap_ISCX.csv
443,8445180,5,4,580,149,517,0,116.0,225.1010884025,137,0,37.25,66.560123197,86.3214283177,1.0656966459,1055647.5,2914104.29089459,8267265,97,8445180,2111295.0,4160868.78097712,8352513,149,131996,43998.6666666667,42567.8734767587,85414,365,0,0,0,0,112,92,0.5920536922,0.4736429537,0,517,72.9,161.8157044981,26184.3222222222,0,0,0,1,0,0,0,0,0,81.0,116.0,37.25,0,0,0,0,0,0,5,580,4,149,8192,231,4,20,0.0,0.0,0,0,0.0,0.0,0,0,BENIGN,Monday-WorkingHours.pcap_ISCX.csv
443,8445333,5,4,580,149,517,0,116.0,225.1010884025,137,0,37.25,66.560123197,86.3198644743,1.0656773392,1055666.625,2914021.96586455,8267078,66,8445333,2111333.25,4160749.16428595,8352371,98,131921,43973.6666666667,42665.5277282883,85456,216,0,0,0,0,112,92,0.5920429662,0.473634373,0,517,72.9,161.8157044981,26184.3222222222,0,0,0,1,0,0,0,0,0,81.0,116.0,37.25,0,0,0,0,0,0,5,580,4,149,8192,231,4,20,0.0,0.0,0,0,0.0,0.0,0,0,BENIGN,Monday-WorkingHours.pcap_ISCX.csv
443,8445140,5,4,580,155,517,0,116.0,225.1010884025,141,2,38.75,68.1927415492,87.0323049707,1.0657016935,1055642.5,2928190.72283127,8302285,140,8445140,2111285.0,4175005.01349216,8373760,4793,110587,36862.3333333333,34940.4272631766,71619,1741,0,0,0,0,112,84,0.5920564964,0.4736451971,0,517,73.5,161.8972582295,26210.7222222222,0,0,0,1,0,0,0,0,0,81.6666666667,116.0,38.75,0,0,0,0,0,0,5,580,4,155,8192,30016,4,20,0.0,0.0,0,0,0.0,0.0,0,0,BENIGN,Monday-WorkingHours.pcap_ISCX.csv
443,8445302,5,4,580,155,517,0,116.0,225.1010884025,141,2,38.75,68.1927415492,87.0306354941,1.0656812509,1055662.75,2926508.68321578,8298175,121,8445302,2111325.5,4170130.67554048,8366478,4894,114762,38254.0,29724.0287814421,68500,9081,0,0,0,0,112,84,0.5920451394,0.4736361115,0,517,73.5,161.8972582295,26210.7222222222,0,0,0,1,0,0,0,0,0,81.6666666667,116.0,38.75,0,0,0,0,0,0,5,580,4,155,8192,30016,4,20,0.0,0.0,0,0,0.0,0.0,0,0,BENIGN,Monday-WorkingHours.pcap_ISCX.csv
443,8986396,9,7,2168,3394,1809,0,240.8888888889,592.399663328,1615,0,484.8571428571,725.996884422,618.9355554774,1.7804690557,599093.066666667,2229655.24664892,8658306,78,8986396,1123299.5,3044755.89470847,8658306,106,251237,41872.8333333333,54775.7741247594,141831,217,0,0,0,0,192,152,1.0015138438,0.7789552119,0,1809,327.1764705882,628.3920188957,394876.529411765,0,0,0,1,0,0,0,0,0,347.625,240.8888888889,484.8571428571,0,0,0,0,0,0,9,2168,7,3394,8192,124,8,20,0.0,0.0,0,0,0.0,0.0,0,0,BENIGN,Monday-WorkingHours.pcap_ISCX.csv
443,6622531,15,11,2535,7482,575,0,169.0,238.8173240904,1460,2,680.1818181818,547.5716972565,1512.5637010986,3.9259914374,264901.24,818355.944411939,3675173,23,6622531,473037.928571429,1063494.39937453,3675173,107,2877627,287762.7,653759.594124128,2118270,49,0,0,0,0,312,224,2.26499506,1.6609963774,0,1460,371.0,464.0145886301,215309.538461538,0,0,0,1,0,0,0,0,0,385.2692307692,169.0,680.1818181818,0,0,0,0,0,0,15,2535,11,7482,8192,34500,14,20,0.0,0.0,0,0,0.0,0.0,0,0,BENIGN,Monday-WorkingHours.pcap_ISCX.csv
443,9753357,8,5,364,5376,208,0,45.5,78.155522609,2198,0,1075.2,919.3330190959,588.5153183668,1.3328744144,812779.75,2771249.26056578,9612508,3,9753357,1393336.71428571,3624386.05431484,9612508,3,81340,20335.0,30040.971377992,63722,50,0,0,0,0,172,112,0.8202304089,0.5126440055,0,2198,410.0,726.7889334918,528222.153846154,0,0,0,1,0,0,0,0,0,441.5384615385,45.5,1075.2,0,0,0,0,0,0,8,364,5,5376,8192,60,7,20,0.0,0.0,0,0,0.0,0.0,0,0,BENIGN,Monday-WorkingHours.pcap_ISCX.csv
443,9753532,8,5,364,5376,208,0,45.5,78.155522609,2198,0,1075.2,919.3330190959,588.5047590965,1.3328504997,812794.333333333,2767960.41202886,9602043,3,9753532,1393361.71428571,3619774.52313993,9602043,3,87537,21884.25,32597.1762823612,69116,89,0,0,0,0,172,112,0.8202156921,0.5126348076,0,2198,410.0,726.7889334918,528222.153846154,0,0,0,1,0,0,0,0,0,441.5384615385,45.5,1075.2,0,0,0,0,0,0,8,364,5,5376,8192,60,7,20,0.0,0.0,0,0,0.0,0.0,0,0,BENIGN,Monday-WorkingHours.pcap_ISCX.csv
443,17602922,27,26,24669,13967,2265,0,913.6666666667,1003.1909857281,2538,2,537.1923076923,651.6938556857,2194.8628756067,3.0108637646,338517.730769231,1138290.18710553,6968219,48,17602922,677035.461538461,1551191.38676155,6968219,48,10548304,421932.16,917742.046164012,4131939,150,0,0,0,0,552,524,1.5338362574,1.4770275071,0,2538,715.4814814815,859.8231880712,739295.914744934,0,0,0,1,0,0,0,0,0,728.9811320755,913.6666666667,537.1923076923,0,0,0,0,0,0,27,24669,26,13967,8192,64240,26,20,0.0,0.0,0,0,0.0,0.0,0,0,BENIGN,Monday-WorkingHours.pcap_ISCX.csv
443,10104005,9,8,1082,7256,690,0,120.2222222222,228.5201182488,2636,0,907.0,928.0370990121,825.2173271886,1.6825011468,631500.3125,2461084.53863294,9860184,21,10104005,1263000.625,3473904.58405215,9860184,142,170864,24409.1428571429,30016.6298431862,60515,171,0,0,0,0,192,172,0.8907359013,0.7917652456,0,2636,463.2222222222,739.4539762599,546792.183006536,0,0,0,1,0,0,0,0,0,490.4705882353,120.2222222222,907.0,0,0,0,0,0,0,9,1082,8,7256,8192,115,8,20,0.0,0.0,0,0,0.0,0.0,0,0,BENIGN,Monday-WorkingHours.pcap_ISCX.csv
443,13111721,11,6,1737,4504,677,0,157.9090909091,266.2132433015,1460,0,750.6666666667,553.845345441,475.9863331442,1.2965498579,819482.5625,1811863.57164473,5999715,79,13111721,1311172.1,2180671.27548471,5999715,113,177277,35455.4,19732.5051197257,45609,201,0,0,0,0,252,128,0.8389440257,0.4576058322,0,1460,346.7222222222,468.6536166705,219636.212418301,0,0,0,1,0,0,0,0,0,367.1176470588,157.9090909091,750.6666666667,0,0,0,0,0,0,11,1737,6,4504,8192,33850,8,20,3000516.0,0.0,3000516,3000516,5999715.0,0.0,5999715,5999715,BENIGN,Monday-WorkingHours.pcap_ISCX.csv
443,4036540,8,5,1092,3747,709,0,136.5,244.933810301,1460,0,749.4,619.20820408,1198.7989713963,3.2205800017,336378.333333333,1103608.1616045,3840240,59,4036540,576648.571428571,1439305.33823263,3840240,74,131688,32922.0,21823.9265944513,44407,193,0,0,0,0,172,112,1.9818953857,1.238684616,0,1460,345.6428571429,499.085102523,249085.93956044,0,0,0,1,0,0,0,0,0,372.2307692308,136.5,749.4,0,0,0,0,0,0,8,1092,5,3747,8192,128,7,20,0.0,0.0,0,0,0.0,0.0,0,0,BENIGN,Monday-WorkingHours.pcap_ISCX.csv
443,9753759,8,6,364,5376,208,0,45.5,78.155522609,1460,0,896.0,661.6814943763,588.491062779,1.4353440556,750289.153846154,2659726.5378237,9602180,3,9753759,1393394.14285714,3619818.67597957,9602180,215,89605,17921.0,30496.869568859,70565,49,0,0,0,0,172,132,0.8201966032,0.6151474524,0,1460,382.6666666667,589.722775871,347772.952380952,0,0,0,1,0,0,0,0,0,410.0,45.5,896.0,0,0,0,0,0,0,8,364,6,5376,8192,60,7,20,0.0,0.0,0,0,0.0,0.0,0,0,BENIGN,Monday-WorkingHours.pcap_ISCX.csv
443,7078624,7,5,1487,1819,1182,0,212.4285714286,435.8225392454,1662,0,363.8,728.2837359162,467.0399218831,1.6952447255,643511.272727273,2046391.44948014,6812425,75,7078624,1179770.66666667,2759764.55719988,6812425,105,178173,44543.25,50675.6244452564,88954,231,0,0,0,0,152,112,0.9888927566,0.706351969,0,1662,254.3076923077,532.1441509928,283177.397435897,0,0,0,1,0,0,0,0,0,275.5,212.4285714286,363.8,0,0,0,0,0,0,7,1487,5,1819,8192,136,6,20,0.0,0.0,0,0,0.0,0.0,0,0,BENIGN,Monday-WorkingHours.pcap_ISCX.csv
443,6371986,10,8,766,5811,399,0,76.6,132.7664616284,1460,0,726.375,650.4260005126,1032.1742703138,2.8248649636,374822.705882353,1454868.78679788,6019794,35,6371986,707998.444444445,1992086.43687015,6019794,1569,283370,40481.4285714286,53847.4009922396,121721,49,0,0,0,0,212,172,1.5693694242,1.2554955394,0,1460,346.1578947368,533.4885464935,284610.029239766,0,0,0,1,0,0,0,0,0,365.3888888889,76.6,726.375,0,0,0,0,0,0,10,766,8,5811,8192,79,9,20,0.0,0.0,0,0,0.0,0.0,0,0,BENIGN,Monday-WorkingHours.pcap_ISCX.csv
443,7763284,5,4,580,164,517,0,116.0,225.1010884025,152,0,41.0,74.0540343263,95.8357313735,1.1593032021,970410.5,2693683.15499806,7636674,41,7763284,1940821.0,3842627.67078024,7704726,183,97835,32611.6666666667,34353.111799855,68646,232,0,0,0,0,112,92,0.6440573345,0.5152458676,0,517,74.4,162.5438060613,26420.4888888889,0,0,0,1,0,0,0,0,0,82.6666666667,116.0,41.0,0,0,0,0,0,0,5,580,4,164,8192,946,4,20,0.0,0.0,0,0,0.0,0.0,0,0,BENIGN,Monday-WorkingHours.pcap_ISCX.csv
80,26454,3,4,26,11601,20,0,8.666666667,10.26320288,8760,0,2900.25,4128.319301,439517.6533,264.6102669,4409.0,8552.450152,21480,41,4750,2375.0,3169.252593,4616,134,26411,8803.666667,11212.79967,21480,183,0,0,0,0,72,92,113.4044001,151.2058668,0,8760,1453.375,3113.952607,9696700.839,0,0,0,1,0,0,0,0,1,1661.0,8.666666667,2900.25,0,0,0,0,0,0,3,26,4,11601,8192,229,2,20,0.0,0.0,0,0,0.0,0.0,0,0,DDoS,Friday-WorkingHours-Afternoon-DDos.pcap_ISCX.csv
80,72457131,8,6,56,11601,20,0,7.0,5.656854249,5840,0,1933.5,2189.772933,160.8813355,0.193217697,5573625.462,16500000.0,59300000,1,71300000,10200000.0,22100000.0,59300000,1,1206150,241230.0,535103.8378,1198436,45,0,0,0,0,172,132,0.110410113,0.082807585,0,5840,777.5333333,1633.102694,2667024.41,0,0,0,0,1,0,0,0,0,833.0714286,7.0,1933.5,0,0,0,0,0,0,8,56,6,11601,256,229,6,20,5.0,0.0,5,5,35600000.0,33500000.0,59300000,11900000,DDoS,Friday-WorkingHours-Afternoon-DDos.pcap_ISCX.csv
80,13947,2,5,20,11601,20,0,10.0,14.14213562,7300,0,2320.2,3022.508098,833225.7833,501.9000502,2324.5,4767.446392,12013,4,12017,12017.0,0.0,12017,12017,13943,3485.75,5931.088566,12349,151,0,0,0,0,52,112,143.4000143,358.5000359,0,7300,1452.625,2579.543312,6654043.696,0,0,0,1,0,0,0,0,2,1660.142857,10.0,2320.2,0,0,0,0,0,0,2,20,5,11601,8192,229,1,20,0.0,0.0,0,0,0.0,0.0,0,0,DDoS,Friday-WorkingHours-Afternoon-DDos.pcap_ISCX.csv
80,72443145,8,5,56,11601,20,0,7.0,5.656854249,8760,0,2320.2,3668.897,160.9123955,0.179451072,6036928.75,17100000.0,59300000,3,71200000,10200000.0,22100000.0,59300000,3,1207075,301768.75,598335.9721,1199258,183,0,0,0,0,172,112,0.110431429,0.069019643,0,8760,833.0714286,2337.724089,5464953.918,0,0,0,0,1,0,0,0,0,897.1538462,7.0,2320.2,0,0,0,0,0,0,8,56,5,11601,256,229,6,20,1998.0,0.0,1998,1998,35600000.0,33500000.0,59300000,11900000,DDoS,Friday-WorkingHours-Afternoon-DDos.pcap_ISCX.csv
80,13994,3,4,26,11601,20,0,8.666666667,10.26320288,8760,0,2900.25,4128.319301,830856.0812,500.2143776,2332.333333,4703.568206,11872,4,12026,6013.0,8498.009296,12022,4,13844,4614.666667,6587.216433,12185,190,0,0,0,0,72,92,214.3775904,285.8367872,0,8760,1453.375,3113.952607,9696700.839,0,0,0,1,0,0,0,0,1,1661.0,8.666666667,2900.25,0,0,0,0,0,0,3,26,4,11601,8192,229,2,20,0.0,0.0,0,0,0.0,0.0,0,0,DDoS,Friday-WorkingHours-Afternoon-DDos.pcap_ISCX.csv
80,72442205,8,7,56,11601,20,0,7.0,5.656854249,5840,0,1657.285714,1964.895647,160.9144835,0.207061616,5174443.214,15900000.0,59300000,3,71200000,10200000.0,22100000.0,59300000,3,1206227,201037.8333,488932.577,1199054,44,0,0,0,0,172,152,0.110432862,0.096628754,0,5840,728.9375,1503.11044,2259340.996,0,0,0,0,1,0,0,0,0,777.5333333,7.0,1657.285714,0,0,0,0,0,0,8,56,7,11601,256,229,6,20,997.0,0.0,997,997,35600000.0,33500000.0,59300000,11900000,DDoS,Friday-WorkingHours-Afternoon-DDos.pcap_ISCX.csv
80,15170,3,5,26,11601,20,0,8.666666667,10.26320288,5840,0,2320.2,2436.833027,766446.9347,527.3566249,2167.142857,4386.109606,11978,0,12078,6039.0,8540.435703,12078,0,15070,3767.5,5792.072542,12359,47,0,0,0,0,72,112,197.7587343,329.5978906,0,5840,1291.888889,2110.95076,4456113.111,0,0,0,1,0,0,0,0,1,1453.375,8.666666667,2320.2,0,0,0,0,0,0,3,26,5,11601,8192,229,2,20,0.0,0.0,0,0,0.0,0.0,0,0,DDoS,Friday-WorkingHours-Afternoon-DDos.pcap_ISCX.csv
80,72438189,8,5,56,11601,20,0,7.0,5.656854249,7300,0,2320.2,3022.508098,160.9234046,0.179463349,6036515.75,17100000.0,59300000,0,71200000,10200000.0,22100000.0,59300000,0,1205145,301286.25,598550.8225,1199105,198,0,0,0,0,172,112,0.110438984,0.069024365,0,7300,833.0714286,2033.250541,4134107.764,0,0,0,0,1,0,0,0,0,897.1538462,7.0,2320.2,0,0,0,0,0,0,8,56,5,11601,256,229,6,20,3994.0,0.0,3994,3994,35600000.0,33500000.0,59300000,11900000,DDoS,Friday-WorkingHours-Afternoon-DDos.pcap_ISCX.csv
80,15250,3,6,26,11601,20,0,8.666666667,10.26320288,7300,0,1933.5,2720.783986,762426.2295,590.1639344,1906.25,4093.11016,11875,5,12030,6015.0,8499.42351,12025,5,15100,3020.0,5253.354595,12282,187,0,0,0,0,72,132,196.7213115,393.442623,0,7300,1162.7,2258.94725,5102842.678,0,0,0,1,0,0,0,0,2,1291.888889,8.666666667,1933.5,0,0,0,0,0,0,3,26,6,11601,8192,229,2,20,0.0,0.0,0,0,0.0,0.0,0,0,DDoS,Friday-WorkingHours-Afternoon-DDos.pcap_ISCX.csv
80,15249,3,6,26,11601,20,0,8.666666667,10.26320288,5840,0,1933.5,2189.772933,762476.2279,590.2026362,1906.125,4084.294429,11872,5,12025,6012.5,8495.887976,12020,5,15101,3020.2,5186.954328,12184,48,0,0,0,0,72,132,196.7342121,393.4684242,0,5840,1162.7,1911.59573,3654198.233,0,0,0,1,0,0,0,0,2,1291.888889,8.666666667,1933.5,0,0,0,0,0,0,3,26,6,11601,8192,229,2,20,0.0,0.0,0,0,0.0,0.0,0,0,DDoS,Friday-WorkingHours-Afternoon-DDos.pcap_ISCX.csv
80,72493347,8,4,56,11601,20,0,7.0,5.656854249,8760,0,2900.25,4128.319301,160.8009629,0.165532432,6590304.273,17800000.0,59300000,2,71200000,10200000.0,22100000.0,59300000,318,1256367,418789.0,722028.2603,1252513,187,0,0,0,0,172,92,0.110354954,0.055177477,0,8760,897.1538462,2488.507044,6192667.308,0,0,0,0,1,0,0,0,0,971.9166667,7.0,2900.25,0,0,0,0,0,0,8,56,4,11601,256,229,6,20,5993.0,0.0,5993,5993,35600000.0,33500000.0,59300000,11900000,DDoS,Friday-WorkingHours-Afternoon-DDos.pcap_ISCX.csv
80,15166,3,5,26,11601,20,0,8.666666667,10.26320288,7300,0,2320.2,3022.508098,766649.0835,527.4957141,2166.571429,4364.704223,11928,2,12077,6038.5,8536.900169,12075,2,15019,3754.75,5770.218157,12311,195,0,0,0,0,72,112,197.8108928,329.6848213,0,7300,1291.888889,2460.652985,6054813.111,0,0,0,1,0,0,0,0,1,1453.375,8.666666667,2320.2,0,0,0,0,0,0,3,26,5,11601,8192,229,2,20,0.0,0.0,0,0,0.0,0.0,0,0,DDoS,Friday-WorkingHours-Afternoon-DDos.pcap_ISCX.csv
80,72438142,8,4,56,11607,20,0,7.0,5.656854249,11595,0,2901.75,5795.50069,161.0063383,0.165658584,6585285.636,17800000.0,59300000,1,71200000,10200000.0,22100000.0,59300000,1,1202127,400709.0,691678.1709,1199389,192,0,0,0,0,172,92,0.110439056,0.055219528,0,11595,897.6153846,3214.167532,10300000.0,0,0,0,0,1,0,0,0,0,972.4166667,7.0,2901.75,0,0,0,0,0,0,8,56,4,11607,256,229,6,20,3944.0,0.0,3944,3944,35600000.0,33500000.0,59300000,11900000,DDoS,Friday-WorkingHours-Afternoon-DDos.pcap_ISCX.csv
80,15123,3,5,26,11601,20,0,8.666666667,10.26320288,5840,0,2320.2,2436.833027,768828.9361,528.9955697,2160.428571,4375.97063,11913,6,12026,6013.0,8495.180869,12020,6,15016,3754.0,5792.892599,12311,184,0,0,0,0,72,112,198.3733386,330.622231,0,5840,1291.888889,2110.95076,4456113.111,0,0,0,1,0,0,0,0,1,1453.375,8.666666667,2320.2,0,0,0,0,0,0,3,26,5,11601,8192,229,2,20,0.0,0.0,0,0,0.0,0.0,0,0,DDoS,Friday-WorkingHours-Afternoon-DDos.pcap_ISCX.csv
80,1140299,3,6,26,11601,20,0,8.666666667,10.26320288,5840,0,1933.5,2189.772933,10196.44848,7.892666748,142537.375,387326.1235,1100535,2,39019,19509.5,27587.77107,39017,2,1140118,228023.6,488036.045,1100535,49,0,0,0,0,72,132,2.630888916,5.261777832,0,5840,1162.7,1911.59573,3654198.233,0,0,0,1,0,0,0,0,2,1291.888889,8.666666667,1933.5,0,0,0,0,0,0,3,26,6,11601,8192,229,2,20,0.0,0.0,0,0,0.0,0.0,0,0,DDoS,Friday-WorkingHours-Afternoon-DDos.pcap_ISCX.csv
80,71939938,8,6,56,11607,20,0,7.0,5.656854249,5840,0,1934.5,2538.919278,162.1213518,0.194606784,5533841.385,16400000.0,59300000,3,70100000,10000000.0,22100000.0,59300000,3,1812093,362418.6,809708.5199,1810869,22,0,0,0,0,172,132,0.111203877,0.083402908,0,5840,777.9333333,1804.898987,3257660.352,0,0,0,0,1,0,0,0,0,833.5,7.0,1934.5,0,0,0,0,0,0,8,56,6,11607,256,229,6,20,3144.0,0.0,3144,3144,35100000.0,34300000.0,59300000,10800000,DDoS,Friday-WorkingHours-Afternoon-DDos.pcap_ISCX.csv
80,302231,2,6,20,11601,20,0,10.0,14.14213562,5840,0,1933.5,2189.772933,38450.72147,26.46981944,43175.85714,97970.04871,262925,0,39017,39017.0,0.0,39017,39017,302050,60410.0,114445.393,262925,46,0,0,0,0,52,132,6.617454861,19.85236458,0,5840,1291.222222,1981.198108,3925145.944,0,0,0,1,0,0,0,0,3,1452.625,10.0,1933.5,0,0,0,0,0,0,2,20,6,11601,8192,229,1,20,0.0,0.0,0,0,0.0,0.0,0,0,DDoS,Friday-WorkingHours-Afternoon-DDos.pcap_ISCX.csv
80,72778252,8,4,56,11607,20,0,7.0,5.656854249,11595,0,2901.75,5795.50069,160.2539176,0.164884422,6616204.727,17800000.0,59300000,3,71000000,10100000.0,22100000.0,59300000,3,1811070,603690.0,1045058.884,1810420,6,0,0,0,0,172,92,0.109922948,0.054961474,0,11595,897.6153846,3214.167532,10300000.0,0,0,0,0,1,0,0,0,0,972.4166667,7.0,2901.75,0,0,0,0,0,0,8,56,4,11607,256,229,6,20,859.0,0.0,859,859,35500000.0,33700000.0,59300000,11600000,DDoS,Friday-WorkingHours-Afternoon-DDos.pcap_ISCX.csv
80,1058943,3,6,26,11601,20,0,8.666666667,10.26320288,4380,0,1933.5,1757.789948,10979.81667,8.499041025,132367.875,358787.8903,1019688,4,38944,19472.0,27531.90963,38940,4,1058831,211766.2,451954.4331,1019688,16,0,0,0,0,72,132,2.833013675,5.66602735,0,4380,1162.7,1645.241762,2706820.456,0,0,0,1,0,0,0,0,2,1291.888889,8.666666667,1933.5,0,0,0,0,0,0,3,26,6,11601,8192,229,2,20,0.0,0.0,0,0,0.0,0.0,0,0,DDoS,Friday-WorkingHours-Afternoon-DDos.pcap_ISCX.csv
80,72021714,8,6,56,11607,20,0,7.0,5.656854249,5840,0,1934.5,2538.919278,161.9372735,0.194385821,5540131.846,16400000.0,59300000,3,70200000,10000000.0,22100000.0,59300000,12,1807369,361473.8,807735.0295,1806394,3,0,0,0,0,172,132,0.111077612,0.083308209,0,5840,777.9333333,1804.898987,3257660.352,0,0,0,0,1,0,0,0,0,833.5,7.0,1934.5,0,0,0,0,0,0,8,56,6,11607,256,229,6,20,965.0,0.0,965,965,35100000.0,34300000.0,59300000,10900000,DDoS,Friday-WorkingHours-Afternoon-DDos.pcap_ISCX.csv
80,1140280,3,6,26,11601,20,0,8.666666667,10.26320288,5840,0,1933.5,2201.078258,10196.61837,7.89279826,142535.0,386971.8843,1099631,4,40015,20007.5,28289.22099,40011,4,1139922,227984.4,487569.9733,1099641,191,0,0,0,0,72,132,2.630932753,5.261865507,0,5840,1162.7,1918.795458,3681776.011,0,0,0,1,0,0,0,0,2,1291.888889,8.666666667,1933.5,0,0,0,0,0,0,3,26,6,11601,8192,229,2,20,0.0,0.0,0,0,0.0,0.0,0,0,DDoS,Friday-WorkingHours-Afternoon-DDos.pcap_ISCX.csv
80,72025312,8,6,56,11607,20,0,7.0,5.656854249,5840,0,1934.5,2538.919278,161.929184,0.19437611,5540408.615,16500000.0,59700000,3,70500000,10100000.0,22300000.0,59700000,4,1508289,301657.8,674046.1062,1507428,3,0,0,0,0,172,132,0.111072063,0.083304047,0,5840,777.9333333,1804.898987,3257660.352,0,0,0,0,1,0,0,0,0,833.5,7.0,1934.5,0,0,0,0,0,0,8,56,6,11607,256,229,6,20,2886.0,0.0,2886,2886,35300000.0,34600000.0,59700000,10800000,DDoS,Friday-WorkingHours-Afternoon-DDos.pcap_ISCX.csv
80,1173002,3,6,26,11601,20,0,8.666666667,10.26320288,4380,0,1933.5,1757.789948,9912.174063,7.672621189,146625.25,403729.7826,1145534,5,27019,13509.5,19098.24705,27014,5,1172963,234592.6,509366.6862,1145534,16,0,0,0,0,72,132,2.557540396,5.115080793,0,4380,1162.7,1645.241762,2706820.456,0,0,0,1,0,0,0,0,2,1291.888889,8.666666667,1933.5,0,0,0,0,0,0,3,26,6,11601,8192,229,2,20,0.0,0.0,0,0,0.0,0.0,0,0,DDoS,Friday-WorkingHours-Afternoon-DDos.pcap_ISCX.csv
80,71982292,8,6,56,11601,20,0,7.0,5.656854249,4380,0,1933.5,1757.789948,161.9426067,0.194492279,5537099.385,16700000.0,60300000,76,71100000,10200000.0,22500000.0,60300000,194,912766,182553.2,398277.8856,894893,90,0,0,0,0,172,132,0.111138445,0.083353834,0,4380,777.5333333,1434.571657,2057995.838,0,0,0,0,1,0,0,0,0,833.0714286,7.0,1933.5,0,0,0,0,0,0,8,56,6,11601,256,229,6,20,2462.0,0.0,2462,2462,35500000.0,35000000.0,60300000,10800000,DDoS,Friday-WorkingHours-Afternoon-DDos.pcap_ISCX.csv
80,1172992,2,4,20,11601,20,0,10.0,14.14213562,8675,0,2900.25,4088.041942,9907.143442,5.1151244,234598.4,509372.1458,1145554,37,27017,27017.0,0.0,27017,27017,1172955,390985.0,653615.5509,1145554,191,0,0,0,0,52,92,1.705041467,3.410082933,0,8675,1660.142857,3278.463585,10700000.0,0,0,0,1,0,0,0,0,2,1936.833333,10.0,2900.25,0,0,0,0,0,0,2,20,4,11601,8192,229,1,20,0.0,0.0,0,0,0.0,0.0,0,0,DDoS,Friday-WorkingHours-Afternoon-DDos.pcap_ISCX.csv
80,71981539,8,4,56,11601,20,0,7.0,5.656854249,8760,0,2900.25,4128.319301,161.9443007,0.166709411,6543776.273,18100000.0,60300000,34,71100000,10200000.0,22500000.0,60300000,234,911756,303918.6667,511978.0026,895028,377,0,0,0,0,172,92,0.111139608,0.055569804,0,8760,897.1538462,2488.507044,6192667.308,0,0,0,0,1,0,0,0,0,971.9166667,7.0,2900.25,0,0,0,0,0,0,8,56,4,11601,256,229,6,20,759.0,0.0,759,759,35500000.0,35000000.0,60300000,10800000,DDoS,Friday-WorkingHours-Afternoon-DDos.pcap_ISCX.csv
80,1175655,3,8,26,11601,20,0,8.666666667,10.26320288,2920,0,1450.125,1102.941578,9889.806108,9.356486384,117565.5,362033.9947,1147653,1,26998,13499.0,19089.05466,26997,1,1175609,167944.1429,432129.3381,1147653,50,0,0,0,0,72,172,2.551769014,6.80471737,0,2920,968.9166667,1131.093715,1279372.992,0,0,0,1,0,0,0,0,2,1057.0,8.666666667,1450.125,0,0,0,0,0,0,3,26,8,11601,8192,229,2,20,0.0,0.0,0,0,0.0,0.0,0,0,DDoS,Friday-WorkingHours-Afternoon-DDos.pcap_ISCX.csv
80,71979878,8,6,56,11601,20,0,7.0,5.656854249,7300,0,1933.5,2720.783986,161.9480378,0.194498801,5536913.692,16700000.0,60300000,58,71100000,10200000.0,22500000.0,60300000,182,909827,181965.4,398599.0135,894917,192,0,0,0,0,172,132,0.111142172,0.083356629,0,7300,777.5333333,1896.917457,3598295.838,0,0,0,0,1,0,0,0,0,833.0714286,7.0,1933.5,0,0,0,0,0,0,8,56,6,11601,256,229,6,20,4030.0,0.0,4030,4030,35500000.0,35000000.0,60300000,10800000,DDoS,Friday-WorkingHours-Afternoon-DDos.pcap_ISCX.csv
80,1175441,3,4,26,11601,20,0,8.666666667,10.26320288,7215,0,2900.25,3540.00286,9891.60664,5.955211704,195906.8333,466517.0357,1147929,5,27018,13509.0,19097.53995,27013,5,1175382,391794.0,654972.5943,1147929,162,0,0,0,0,72,92,2.552233587,3.402978116,0,7215,1453.375,2786.259804,7763243.696,0,0,0,1,0,0,0,0,1,1661.0,8.666666667,2900.25,0,0,0,0,0,0,3,26,4,11601,8192,229,2,20,0.0,0.0,0,0,0.0,0.0,0,0,DDoS,Friday-WorkingHours-Afternoon-DDos.pcap_ISCX.csv
80,71976757,8,6,56,11601,20,0,7.0,5.656854249,4380,0,1933.5,1757.789948,161.95506,0.194507235,5536673.615,16700000.0,60300000,0,71100000,10200000.0,22500000.0,60300000,0,906750,181350.0,398999.65,895048,16,0,0,0,0,172,132,0.111146992,0.083360244,0,4380,777.5333333,1434.571657,2057995.838,0,0,0,0,1,0,0,0,0,833.0714286,7.0,1933.5,0,0,0,0,0,0,8,56,6,11601,256,229,6,20,1028.0,0.0,1028,1028,35500000.0,35000000.0,60300000,10800000,DDoS,Friday-WorkingHours-Afternoon-DDos.pcap_ISCX.csv
8080,8170069,3,0,0,0,0,0,0.0,0.0,0,0,0.0,0.0,0.0,0.367193961,4085034.5,1520285.944,5160039,3010030,8170069,4085034.5,1520285.944,5160039,3010030,0,0.0,0.0,0,0,0,0,0,0,92,0,0.367193961,0.0,0,0,0.0,0.0,0.0,0,0,0,1,0,0,0,0,0,0.0,0.0,0.0,0,0,0,0,0,0,3,0,0,0,8192,-1,0,28,3010030.0,0.0,3010030,3010030,5160039.0,0.0,5160039,5160039,BENIGN,Friday-WorkingHours-Afternoon-DDos.pcap_ISCX.csv
8080,2999973,2,0,0,0,0,0,0.0,0.0,0,0,0.0,0.0,0.0,0.666672667,2999973.0,0.0,2999973,2999973,2999973,2999973.0,0.0,2999973,2999973,0,0.0,0.0,0,0,0,0,0,0,64,0,0.666672667,0.0,0,0,0.0,0.0,0.0,0,0,0,1,0,0,0,0,0,0.0,0.0,0.0,0,0,0,0,0,0,2,0,0,0,8192,-1,0,32,0.0,0.0,0,0,0.0,0.0,0,0,BENIGN,Friday-WorkingHours-Afternoon-DDos.pcap_ISCX.csv
58261,3,2,0,12,0,6,6,6.0,0.0,0,0,0.0,0.0,4000000.0,666666.6667,3.0,0.0,3,3,3,3.0,0.0,3,3,0,0.0,0.0,0,0,0,0,0,0,40,0,666666.6667,0.0,6,6,6.0,0.0,0.0,0,0,0,0,1,0,0,0,0,9.0,6.0,0.0,0,0,0,0,0,0,2,12,0,0,464,-1,1,20,0.0,0.0,0,0,0.0,0.0,0,0,BENIGN,Friday-WorkingHours-Afternoon-DDos.pcap_ISCX.csv
46258,28447,2,1,38,6,38,0,19.0,26.87005769,6,6,6.0,0.0,1546.736035,105.4592751,14223.5,20030.21379,28387,60,28447,28447.0,0.0,28447,28447,0,0.0,0.0,0,0,1,0,0,0,64,20,70.30618343,35.15309171,0,38,20.5,20.35517952,414.3333333,0,1,0,0,1,0,0,0,0,27.33333333,19.0,6.0,0,0,0,0,0,0,2,38,1,6,349,0,0,32,0.0,0.0,0,0,0.0,0.0,0,0,BENIGN,Friday-WorkingHours-Afternoon-DDos.pcap_ISCX.csv
46268,83447,2,2,0,12,0,0,0.0,0.0,6,6,6.0,0.0,143.8038515,47.93461718,27815.66667,48127.05971,83388,3,83447,83447.0,0.0,83447,83447,3,3.0,0.0,3,3,0,0,0,0,64,40,23.96730859,23.96730859,0,6,2.4,3.286335345,10.8,0,0,0,0,1,0,0,0,1,3.0,0.0,6.0,0,0,0,0,0,0,2,0,2,12,349,0,0,32,0.0,0.0,0,0,0.0,0.0,0,0,BENIGN,Friday-WorkingHours-Afternoon-DDos.pcap_ISCX.csv
46268,16195,2,1,38,6,38,0,19.0,26.87005769,6,6,6.0,0.0,2716.887928,185.2423588,8097.5,11344.11409,16119,76,16195,16195.0,0.0,16195,16195,0,0.0,0.0,0,0,1,0,0,0,64,20,123.4949058,61.74745292,0,38,20.5,20.35517952,414.3333333,0,1,0,0,1,0,0,0,0,27.33333333,19.0,6.0,0,0,0,0,0,0,2,38,1,6,349,0,0,32,0.0,0.0,0,0,0.0,0.0,0,0,BENIGN,Friday-WorkingHours-Afternoon-DDos.pcap_ISCX.csv
46236,86,1,1,0,0,0,0,0.0,0.0,0,0,0.0,0.0,0.0,23255.81395,86.0,0.0,86,86,0,0.0,0.0,0,0,0,0.0,0.0,0,0,0,0,0,0,32,32,11627.90698,11627.90698,0,0,0.0,0.0,0.0,0,0,0,0,1,1,0,0,1,0.0,0.0,0.0,0,0,0,0,0,0,1,0,1,0,332,229,0,32,0.0,0.0,0,0,0.0,0.0,0,0,BENIGN,Friday-WorkingHours-Afternoon-DDos.pcap_ISCX.csv
56185,73,1,1,6,6,6,6,6.0,0.0,6,6,6.0,0.0,164383.5616,27397.26027,73.0,0.0,73,73,0,0.0,0.0,0,0,0,0.0,0.0,0,0,0,0,0,0,20,20,13698.63014,13698.63014,6,6,6.0,0.0,0.0,0,0,0,0,1,1,0,0,1,9.0,6.0,6.0,0,0,0,0,0,0,1,6,1,6,343,258,0,20,0.0,0.0,0,0,0.0,0.0,0,0,BENIGN,Friday-WorkingHours-Afternoon-DDos.pcap_ISCX.csv
9732,33920,2,1,44,6,38,6,22.0,22.627417,6,6,6.0,0.0,1474.056604,88.44339623,16960.0,23859.19701,33831,89,33920,33920.0,0.0,33920,33920,0,0.0,0.0,0,0,1,0,0,0,40,20,58.96226415,29.48113208,6,38,22.0,18.47520861,341.3333333,0,1,0,0,1,0,0,0,0,29.33333333,22.0,6.0,0,0,0,0,0,0,2,44,1,6,351,0,1,20,0.0,0.0,0,0,0.0,0.0,0,0,BENIGN,Friday-WorkingHours-Afternoon-DDos.pcap_ISCX.csv
9759,17604,2,1,44,6,38,6,22.0,22.627417,6,6,6.0,0.0,2840.263576,170.4158146,8802.0,12412.55244,17579,25,17604,17604.0,0.0,17604,17604,0,0.0,0.0,0,0,1,0,0,0,40,20,113.6105431,56.80527153,6,38,22.0,18.47520861,341.3333333,0,1,0,0,1,0,0,0,0,29.33333333,22.0,6.0,0,0,0,0,0,0,2,44,1,6,351,0,1,20,0.0,0.0,0,0,0.0,0.0,0,0,BENIGN,Friday-WorkingHours-Afternoon-DDos.pcap_ISCX.csv
55108,39,1,1,0,0,0,0,0.0,0.0,0,0,0.0,0.0,0.0,51282.05128,39.0,0.0,39,39,0,0.0,0.0,0,0,0,0.0,0.0,0,0,0,0,0,0,32,32,25641.02564,25641.02564,0,0,0.0,0.0,0.0,0,0,0,0,1,1,0,0,1,0.0,0.0,0.0,0,0,0,0,0,0,1,0,1,0,332,229,0,32,0.0,0.0,0,0,0.0,0.0,0,0,BENIGN,Friday-WorkingHours-Afternoon-DDos.pcap_ISCX.csv
56196,35,1,1,6,6,6,6,6.0,0.0,6,6,6.0,0.0,342857.1429,57142.85714,35.0,0.0,35,35,0,0.0,0.0,0,0,0,0.0,0.0,0,0,0,0,0,0,20,20,28571.42857,28571.42857,6,6,6.0,0.0,0.0,0,0,0,0,1,1,0,0,1,9.0,6.0,6.0,0,0,0,0,0,0,1,6,1,6,351,258,0,20,0.0,0.0,0,0,0.0,0.0,0,0,BENIGN,Friday-WorkingHours-Afternoon-DDos.pcap_ISCX.csv
56195,62,1,1,6,6,6,6,6.0,0.0,6,6,6.0,0.0,193548.3871,32258.06452,62.0,0.0,62,62,0,0.0,0.0,0,0,0,0.0,0.0,0,0,0,0,0,0,20,20,16129.03226,16129.03226,6,6,6.0,0.0,0.0,0,0,0,0,1,1,0,0,1,9.0,6.0,6.0,0,0,0,0,0,0,1,6,1,6,351,258,0,20,0.0,0.0,0,0,0.0,0.0,0,0,BENIGN,Friday-WorkingHours-Afternoon-DDos.pcap_ISCX.csv
56193,4,1,1,6,6,6,6,6.0,0.0,6,6,6.0,0.0,3000000.0,500000.0,4.0,0.0,4,4,0,0.0,0.0,0,0,0,0.0,0.0,0,0,0,0,0,0,20,20,250000.0,250000.0,6,6,6.0,0.0,0.0,0,0,0,0,1,1,0,0,1,9.0,6.0,6.0,0,0,0,0,0,0,1,6,1,6,368,258,0,20,0.0,0.0,0,0,0.0,0.0,0,0,BENIGN,Friday-WorkingHours-Afternoon-DDos.pcap_ISCX.csv
56194,4,1,1,6,6,6,6,6.0,0.0,6,6,6.0,0.0,3000000.0,500000.0,4.0,0.0,4,4,0,0.0,0.0,0,0,0,0.0,0.0,0,0,0,0,0,0,20,20,250000.0,250000.0,6,6,6.0,0.0,0.0,0,0,0,0,1,1,0,0,1,9.0,6.0,6.0,0,0,0,0,0,0,1,6,1,6,368,258,0,20,0.0,0.0,0,0,0.0,0.0,0,0,BENIGN,Friday-WorkingHours-Afternoon-DDos.pcap_ISCX.csv
56199,53,1,1,6,6,6,6,6.0,0.0,6,6,6.0,0.0,226415.0943,37735.84906,53.0,0.0,53,53,0,0.0,0.0,0,0,0,0.0,0.0,0,0,0,0,0,0,20,20,18867.92453,18867.92453,6,6,6.0,0.0,0.0,0,0,0,0,1,1,0,0,1,9.0,6.0,6.0,0,0,0,0,0,0,1,6,1,6,343,255,0,20,0.0,0.0,0,0,0.0,0.0,0,0,BENIGN,Friday-WorkingHours-Afternoon-DDos.pcap_ISCX.csv
56198,29,1,1,6,6,6,6,6.0,0.0,6,6,6.0,0.0,413793.1034,68965.51724,29.0,0.0,29,29,0,0.0,0.0,0,0,0,0.0,0.0,0,0,0,0,0,0,20,20,34482.75862,34482.75862,6,6,6.0,0.0,0.0,0,0,0,0,1,1,0,0,1,9.0,6.0,6.0,0,0,0,0,0,0,1,6,1,6,368,258,0,20,0.0,0.0,0,0,0.0,0.0,0,0,BENIGN,Friday-WorkingHours-Afternoon-DDos.pcap_ISCX.csv
9728,33,1,1,6,6,6,6,6.0,0.0,6,6,6.0,0.0,363636.3636,60606.06061,33.0,0.0,33,33,0,0.0,0.0,0,0,0,0.0,0.0,0,0,0,0,0,0,20,20,30303.0303,30303.0303,6,6,6.0,0.0,0.0,0,0,0,0,1,1,0,0,1,9.0,6.0,6.0,0,0,0,0,0,0,1,6,1,6,335,258,0,20,0.0,0.0,0,0,0.0,0.0,0,0,BENIGN,Friday-WorkingHours-Afternoon-DDos.pcap_ISCX.csv
9729,29,1,1,6,6,6,6,6.0,0.0,6,6,6.0,0.0,413793.1034,68965.51724,29.0,0.0,29,29,0,0.0,0.0,0,0,0,0.0,0.0,0,0,0,0,0,0,20,20,34482.75862,34482.75862,6,6,6.0,0.0,0.0,0,0,0,0,1,1,0,0,1,9.0,6.0,6.0,0,0,0,0,0,0,1,6,1,6,335,258,0,20,0.0,0.0,0,0,0.0,0.0,0,0,BENIGN,Friday-WorkingHours-Afternoon-DDos.pcap_ISCX.csv
9730,15,1,1,6,6,6,6,6.0,0.0,6,6,6.0,0.0,800000.0,133333.3333,15.0,0.0,15,15,0,0.0,0.0,0,0,0,0.0,0.0,0,0,0,0,0,0,20,20,66666.66667,66666.66667,6,6,6.0,0.0,0.0,0,0,0,0,1,1,0,0,1,9.0,6.0,6.0,0,0,0,0,0,0,1,6,1,6,335,258,0,20,0.0,0.0,0,0,0.0,0.0,0,0,BENIGN,Friday-WorkingHours-Afternoon-DDos.pcap_ISCX.csv
53128,22,1,1,0,0,0,0,0.0,0.0,0,0,0.0,0.0,0.0,90909.09091,22.0,0.0,22,22,0,0.0,0.0,0,0,0,0.0,0.0,0,0,0,0,0,0,32,32,45454.54545,45454.54545,0,0,0.0,0.0,0.0,0,0,0,0,1,1,0,0,1,0.0,0.0,0.0,0,0,0,0,0,0,1,0,1,0,332,229,0,32,0.0,0.0,0,0,0.0,0.0,0,0,BENIGN,Friday-WorkingHours-Afternoon-DDos.pcap_ISCX.csv
52366,24,1,1,0,0,0,0,0.0,0.0,0,0,0.0,0.0,0.0,83333.33333,24.0,0.0,24,24,0,0.0,0.0,0,0,0,0.0,0.0,0,0,0,0,0,0,32,32,41666.66667,41666.66667,0,0,0.0,0.0,0.0,0,0,0,0,1,1,0,0,1,0.0,0.0,0.0,0,0,0,0,0,0,1,0,1,0,332,229,0,32,0.0,0.0,0,0,0.0,0.0,0,0,BENIGN,Friday-WorkingHours-Afternoon-DDos.pcap_ISCX.csv
39866,2838,2,0,0,0,0,0,0.0,0.0,0,0,0.0,0.0,0.0,704.721635,2838.0,0.0,2838,2838,2838,2838.0,0.0,2838,2838,0,0.0,0.0,0,0,0,0,0,0,64,0,704.721635,0.0,0,0,0.0,0.0,0.0,0,0,0,0,1,0,0,0,0,0.0,0.0,0.0,0,0,0,0,0,0,2,0,0,0,370,-1,0,32,0.0,0.0,0,0,0.0,0.0,0,0,BENIGN,Friday-WorkingHours-Afternoon-DDos.pcap_ISCX.csv
39868,5401,2,0,0,0,0,0,0.0,0.0,0,0,0.0,0.0,0.0,370.301796,5401.0,0.0,5401,5401,5401,5401.0,0.0,5401,5401,0,0.0,0.0,0,0,0,0,0,0,64,0,370.301796,0.0,0,0,0.0,0.0,0.0,0,0,0,0,1,0,0,0,0,0.0,0.0,0.0,0,0,0,0,0,0,2,0,0,0,370,-1,0,32,0.0,0.0,0,0,0.0,0.0,0,0,BENIGN,Friday-WorkingHours-Afternoon-DDos.pcap_ISCX.csv
56214,23,1,1,6,6,6,6,6.0,0.0,6,6,6.0,0.0,521739.1304,86956.52174,23.0,0.0,23,23,0,0.0,0.0,0,0,0,0.0,0.0,0,0,0,0,0,0,20,20,43478.26087,43478.26087,6,6,6.0,0.0,0.0,0,0,0,0,1,1,0,0,1,9.0,6.0,6.0,0,0,0,0,0,0,1,6,1,6,346,258,0,20,0.0,0.0,0,0,0.0,0.0,0,0,BENIGN,Friday-WorkingHours-Afternoon-DDos.pcap_ISCX.csv
3995,39,1,1,2,6,2,2,2.0,0.0,6,6,6.0,0.0,205128.2051,51282.05128,39.0,0.0,39,39,0,0.0,0.0,0,0,0,0.0,0.0,0,0,0,0,0,0,24,20,25641.02564,25641.02564,2,6,3.333333333,2.309401077,5.333333333,0,0,0,1,0,0,0,0,1,5.0,2.0,6.0,0,0,0,0,0,0,1,2,1,6,1024,0,0,24,0.0,0.0,0,0,0.0,0.0,0,0,PortScan,Friday-WorkingHours-Afternoon-PortScan.pcap_ISCX.csv
1213,84,1,1,2,6,2,2,2.0,0.0,6,6,6.0,0.0,95238.09524,23809.52381,84.0,0.0,84,84,0,0.0,0.0,0,0,0,0.0,0.0,0,0,0,0,0,0,24,20,11904.7619,11904.7619,2,6,3.333333333,2.309401077,5.333333333,0,0,0,1,0,0,0,0,1,5.0,2.0,6.0,0,0,0,0,0,0,1,2,1,6,1024,0,0,24,0.0,0.0,0,0,0.0,0.0,0,0,PortScan,Friday-WorkingHours-Afternoon-PortScan.pcap_ISCX.csv
5566,43,1,1,2,6,2,2,2.0,0.0,6,6,6.0,0.0,186046.5116,46511.62791,43.0,0.0,43,43,0,0.0,0.0,0,0,0,0.0,0.0,0,0,0,0,0,0,24,20,23255.81395,23255.81395,2,6,3.333333333,2.309401077,5.333333333,0,0,0,1,0,0,0,0,1,5.0,2.0,6.0,0,0,0,0,0,0,1,2,1,6,1024,0,0,24,0.0,0.0,0,0,0.0,0.0,0,0,PortScan,Friday-WorkingHours-Afternoon-PortScan.pcap_ISCX.csv
1216,48,1,1,2,6,2,2,2.0,0.0,6,6,6.0,0.0,166666.6667,41666.66667,48.0,0.0,48,48,0,0.0,0.0,0,0,0,0.0,0.0,0,0,0,0,0,0,24,20,20833.33333,20833.33333,2,6,3.333333333,2.309401077,5.333333333,0,0,0,1,0,0,0,0,1,5.0,2.0,6.0,0,0,0,0,0,0,1,2,1,6,1024,0,0,24,0.0,0.0,0,0,0.0,0.0,0,0,PortScan,Friday-WorkingHours-Afternoon-PortScan.pcap_ISCX.csv
1218,50,1,1,2,6,2,2,2.0,0.0,6,6,6.0,0.0,160000.0,40000.0,50.0,0.0,50,50,0,0.0,0.0,0,0,0,0.0,0.0,0,0,0,0,0,0,24,20,20000.0,20000.0,2,6,3.333333333,2.309401077,5.333333333,0,0,0,1,0,0,0,0,1,5.0,2.0,6.0,0,0,0,0,0,0,1,2,1,6,1024,0,0,24,0.0,0.0,0,0,0.0,0.0,0,0,PortScan,Friday-WorkingHours-Afternoon-PortScan.pcap_ISCX.csv
3851,13,1,1,2,6,2,2,2.0,0.0,6,6,6.0,0.0,615384.6154,153846.1538,13.0,0.0,13,13,0,0.0,0.0,0,0,0,0.0,0.0,0,0,0,0,0,0,24,20,76923.07692,76923.07692,2,6,3.333333333,2.309401077,5.333333333,0,0,0,1,0,0,0,0,1,5.0,2.0,6.0,0,0,0,0,0,0,1,2,1,6,1024,0,0,24,0.0,0.0,0,0,0.0,0.0,0,0,PortScan,Friday-WorkingHours-Afternoon-PortScan.pcap_ISCX.csv
3998,44,1,1,2,6,2,2,2.0,0.0,6,6,6.0,0.0,181818.1818,45454.54545,44.0,0.0,44,44,0,0.0,0.0,0,0,0,0.0,0.0,0,0,0,0,0,0,24,20,22727.27273,22727.27273,2,6,3.333333333,2.309401077,5.333333333,0,0,0,1,0,0,0,0,1,5.0,2.0,6.0,0,0,0,0,0,0,1,2,1,6,1024,0,0,24,0.0,0.0,0,0,0.0,0.0,0,0,PortScan,Friday-WorkingHours-Afternoon-PortScan.pcap_ISCX.csv
1217,1,1,1,2,6,2,2,2.0,0.0,6,6,6.0,0.0,8000000.0,2000000.0,1.0,0.0,1,1,0,0.0,0.0,0,0,0,0.0,0.0,0,0,0,0,0,0,24,20,1000000.0,1000000.0,2,6,3.333333333,2.309401077,5.333333333,0,0,0,1,0,0,0,0,1,5.0,2.0,6.0,0,0,0,0,0,0,1,2,1,6,1024,0,0,24,0.0,0.0,0,0,0.0,0.0,0,0,PortScan,Friday-WorkingHours-Afternoon-PortScan.pcap_ISCX.csv
4242,43,1,1,2,6,2,2,2.0,0.0,6,6,6.0,0.0,186046.5116,46511.62791,43.0,0.0,43,43,0,0.0,0.0,0,0,0,0.0,0.0,0,0,0,0,0,0,24,20,23255.81395,23255.81395,2,6,3.333333333,2.309401077,5.333333333,0,0,0,1,0,0,0,0,1,5.0,2.0,6.0,0,0,0,0,0,0,1,2,1,6,1024,0,0,24,0.0,0.0,0,0,0.0,0.0,0,0,PortScan,Friday-WorkingHours-Afternoon-PortScan.pcap_ISCX.csv
1494,64,1,1,2,6,2,2,2.0,0.0,6,6,6.0,0.0,125000.0,31250.0,64.0,0.0,64,64,0,0.0,0.0,0,0,0,0.0,0.0,0,0,0,0,0,0,24,20,15625.0,15625.0,2,6,3.333333333,2.309401077,5.333333333,0,0,0,1,0,0,0,0,1,5.0,2.0,6.0,0,0,0,0,0,0,1,2,1,6,1024,0,0,24,0.0,0.0,0,0,0.0,0.0,0,0,PortScan,Friday-WorkingHours-Afternoon-PortScan.pcap_ISCX.csv
1352,42,1,1,2,6,2,2,2.0,0.0,6,6,6.0,0.0,190476.1905,47619.04762,42.0,0.0,42,42,0,0.0,0.0,0,0,0,0.0,0.0,0,0,0,0,0,0,24,20,23809.52381,23809.52381,2,6,3.333333333,2.309401077,5.333333333,0,0,0,1,0,0,0,0,1,5.0,2.0,6.0,0,0,0,0,0,0,1,2,1,6,1024,0,0,24,0.0,0.0,0,0,0.0,0.0,0,0,PortScan,Friday-WorkingHours-Afternoon-PortScan.pcap_ISCX.csv
6881,53,1,1,2,6,2,2,2.0,0.0,6,6,6.0,0.0,150943.3962,37735.84906,53.0,0.0,53,53,0,0.0,0.0,0,0,0,0.0,0.0,0,0,0,0,0,0,24,20,18867.92453,18867.92453,2,6,3.333333333,2.309401077,5.333333333,0,0,0,1,0,0,0,0,1,5.0,2.0,6.0,0,0,0,0,0,0,1,2,1,6,1024,0,0,24,0.0,0.0,0,0,0.0,0.0,0,0,PortScan,Friday-WorkingHours-Afternoon-PortScan.pcap_ISCX.csv
5560,56,1,1,2,6,2,2,2.0,0.0,6,6,6.0,0.0,142857.1429,35714.28571,56.0,0.0,56,56,0,0.0,0.0,0,0,0,0.0,0.0,0,0,0,0,0,0,24,20,17857.14286,17857.14286,2,6,3.333333333,2.309401077,5.333333333,0,0,0,1,0,0,0,0,1,5.0,2.0,6.0,0,0,0,0,0,0,1,2,1,6,1024,0,0,24,0.0,0.0,0,0,0.0,0.0,0,0,PortScan,Friday-WorkingHours-Afternoon-PortScan.pcap_ISCX.csv
57294,43,1,1,2,6,2,2,2.0,0.0,6,6,6.0,0.0,186046.5116,46511.62791,43.0,0.0,43,43,0,0.0,0.0,0,0,0,0.0,0.0,0,0,0,0,0,0,24,20,23255.81395,23255.81395,2,6,3.333333333,2.309401077,5.333333333,0,0,0,1,0,0,0,0,1,5.0,2.0,6.0,0,0,0,0,0,0,1,2,1,6,1024,0,0,24,0.0,0.0,0,0,0.0,0.0,0,0,PortScan,Friday-WorkingHours-Afternoon-PortScan.pcap_ISCX.csv
12174,43,1,1,2,6,2,2,2.0,0.0,6,6,6.0,0.0,186046.5116,46511.62791,43.0,0.0,43,43,0,0.0,0.0,0,0,0,0.0,0.0,0,0,0,0,0,0,24,20,23255.81395,23255.81395,2,6,3.333333333,2.309401077,5.333333333,0,0,0,1,0,0,0,0,1,5.0,2.0,6.0,0,0,0,0,0,0,1,2,1,6,1024,0,0,24,0.0,0.0,0,0,0.0,0.0,0,0,PortScan,Friday-WorkingHours-Afternoon-PortScan.pcap_ISCX.csv
32778,43,1,1,2,6,2,2,2.0,0.0,6,6,6.0,0.0,186046.5116,46511.62791,43.0,0.0,43,43,0,0.0,0.0,0,0,0,0.0,0.0,0,0,0,0,0,0,24,20,23255.81395,23255.81395,2,6,3.333333333,2.309401077,5.333333333,0,0,0,1,0,0,0,0,1,5.0,2.0,6.0,0,0,0,0,0,0,1,2,1,6,1024,0,0,24,0.0,0.0,0,0,0.0,0.0,0,0,PortScan,Friday-WorkingHours-Afternoon-PortScan.pcap_ISCX.csv
32777,61,1,1,2,6,2,2,2.0,0.0,6,6,6.0,0.0,131147.541,32786.88525,61.0,0.0,61,61,0,0.0,0.0,0,0,0,0.0,0.0,0,0,0,0,0,0,24,20,16393.44262,16393.44262,2,6,3.333333333,2.309401077,5.333333333,0,0,0,1,0,0,0,0,1,5.0,2.0,6.0,0,0,0,0,0,0,1,2,1,6,1024,0,0,24,0.0,0.0,0,0,0.0,0.0,0,0,PortScan,Friday-WorkingHours-Afternoon-PortScan.pcap_ISCX.csv
32776,24,1,1,2,6,2,2,2.0,0.0,6,6,6.0,0.0,333333.3333,83333.33333,24.0,0.0,24,24,0,0.0,0.0,0,0,0,0.0,0.0,0,0,0,0,0,0,24,20,41666.66667,41666.66667,2,6,3.333333333,2.309401077,5.333333333,0,0,0,1,0,0,0,0,1,5.0,2.0,6.0,0,0,0,0,0,0,1,2,1,6,1024,0,0,24,0.0,0.0,0,0,0.0,0.0,0,0,PortScan,Friday-WorkingHours-Afternoon-PortScan.pcap_ISCX.csv
7937,35,1,1,2,6,2,2,2.0,0.0,6,6,6.0,0.0,228571.4286,57142.85714,35.0,0.0,35,35,0,0.0,0.0,0,0,0,0.0,0.0,0,0,0,0,0,0,24,20,28571.42857,28571.42857,2,6,3.333333333,2.309401077,5.333333333,0,0,0,1,0,0,0,0,1,5.0,2.0,6.0,0,0,0,0,0,0,1,2,1,6,1024,0,0,24,0.0,0.0,0,0,0.0,0.0,0,0,PortScan,Friday-WorkingHours-Afternoon-PortScan.pcap_ISCX.csv
32775,60,1,1,2,6,2,2,2.0,0.0,6,6,6.0,0.0,133333.3333,33333.33333,60.0,0.0,60,60,0,0.0,0.0,0,0,0,0.0,0.0,0,0,0,0,0,0,24,20,16666.66667,16666.66667,2,6,3.333333333,2.309401077,5.333333333,0,0,0,1,0,0,0,0,1,5.0,2.0,6.0,0,0,0,0,0,0,1,2,1,6,1024,0,0,24,0.0,0.0,0,0,0.0,0.0,0,0,PortScan,Friday-WorkingHours-Afternoon-PortScan.pcap_ISCX.csv
16113,44,1,1,2,6,2,2,2.0,0.0,6,6,6.0,0.0,181818.1818,45454.54545,44.0,0.0,44,44,0,0.0,0.0,0,0,0,0.0,0.0,0,0,0,0,0,0,24,20,22727.27273,22727.27273,2,6,3.333333333,2.309401077,5.333333333,0,0,0,1,0,0,0,0,1,5.0,2.0,6.0,0,0,0,0,0,0,1,2,1,6,1024,0,0,24,0.0,0.0,0,0,0.0,0.0,0,0,PortScan,Friday-WorkingHours-Afternoon-PortScan.pcap_ISCX.csv
3869,57,1,1,2,6,2,2,2.0,0.0,6,6,6.0,0.0,140350.8772,35087.7193,57.0,0.0,57,57,0,0.0,0.0,0,0,0,0.0,0.0,0,0,0,0,0,0,24,20,17543.85965,17543.85965,2,6,3.333333333,2.309401077,5.333333333,0,0,0,1,0,0,0,0,1,5.0,2.0,6.0,0,0,0,0,0,0,1,2,1,6,1024,0,0,24,0.0,0.0,0,0,0.0,0.0,0,0,PortScan,Friday-WorkingHours-Afternoon-PortScan.pcap_ISCX.csv
32774,55,1,1,2,6,2,2,2.0,0.0,6,6,6.0,0.0,145454.5455,36363.63636,55.0,0.0,55,55,0,0.0,0.0,0,0,0,0.0,0.0,0,0,0,0,0,0,24,20,18181.81818,18181.81818,2,6,3.333333333,2.309401077,5.333333333,0,0,0,1,0,0,0,0,1,5.0,2.0,6.0,0,0,0,0,0,0,1,2,1,6,1024,0,0,24,0.0,0.0,0,0,0.0,0.0,0,0,PortScan,Friday-WorkingHours-Afternoon-PortScan.pcap_ISCX.csv
9503,44,1,1,2,6,2,2,2.0,0.0,6,6,6.0,0.0,181818.1818,45454.54545,44.0,0.0,44,44,0,0.0,0.0,0,0,0,0.0,0.0,0,0,0,0,0,0,24,20,22727.27273,22727.27273,2,6,3.333333333,2.309401077,5.333333333,0,0,0,1,0,0,0,0,1,5.0,2.0,6.0,0,0,0,0,0,0,1,2,1,6,1024,0,0,24,0.0,0.0,0,0,0.0,0.0,0,0,PortScan,Friday-WorkingHours-Afternoon-PortScan.pcap_ISCX.csv
4900,51,1,1,2,6,2,2,2.0,0.0,6,6,6.0,0.0,156862.7451,39215.68627,51.0,0.0,51,51,0,0.0,0.0,0,0,0,0.0,0.0,0,0,0,0,0,0,24,20,19607.84314,19607.84314,2,6,3.333333333,2.309401077,5.333333333,0,0,0,1,0,0,0,0,1,5.0,2.0,6.0,0,0,0,0,0,0,1,2,1,6,1024,0,0,24,0.0,0.0,0,0,0.0,0.0,0,0,PortScan,Friday-WorkingHours-Afternoon-PortScan.pcap_ISCX.csv
32773,104,1,1,2,6,2,2,2.0,0.0,6,6,6.0,0.0,76923.07692,19230.76923,104.0,0.0,104,104,0,0.0,0.0,0,0,0,0.0,0.0,0,0,0,0,0,0,24,20,9615.384615,9615.384615,2,6,3.333333333,2.309401077,5.333333333,0,0,0,1,0,0,0,0,1,5.0,2.0,6.0,0,0,0,0,0,0,1,2,1,6,1024,0,0,24,0.0,0.0,0,0,0.0,0.0,0,0,PortScan,Friday-WorkingHours-Afternoon-PortScan.pcap_ISCX.csv
32772,12,1,1,2,6,2,2,2.0,0.0,6,6,6.0,0.0,666666.6667,166666.6667,12.0,0.0,12,12,0,0.0,0.0,0,0,0,0.0,0.0,0,0,0,0,0,0,24,20,83333.33333,83333.33333,2,6,3.333333333,2.309401077,5.333333333,0,0,0,1,0,0,0,0,1,5.0,2.0,6.0,0,0,0,0,0,0,1,2,1,6,1024,0,0,24,0.0,0.0,0,0,0.0,0.0,0,0,PortScan,Friday-WorkingHours-Afternoon-PortScan.pcap_ISCX.csv
32771,55,1,1,2,6,2,2,2.0,0.0,6,6,6.0,0.0,145454.5455,36363.63636,55.0,0.0,55,55,0,0.0,0.0,0,0,0,0.0,0.0,0,0,0,0,0,0,24,20,18181.81818,18181.81818,2,6,3.333333333,2.309401077,5.333333333,0,0,0,1,0,0,0,0,1,5.0,2.0,6.0,0,0,0,0,0,0,1,2,1,6,1024,0,0,24,0.0,0.0,0,0,0.0,0.0,0,0,PortScan,Friday-WorkingHours-Afternoon-PortScan.pcap_ISCX.csv
32770,42,1,1,2,6,2,2,2.0,0.0,6,6,6.0,0.0,190476.1905,47619.04762,42.0,0.0,42,42,0,0.0,0.0,0,0,0,0.0,0.0,0,0,0,0,0,0,24,20,23809.52381,23809.52381,2,6,3.333333333,2.309401077,5.333333333,0,0,0,1,0,0,0,0,1,5.0,2.0,6.0,0,0,0,0,0,0,1,2,1,6,1024,0,0,24,0.0,0.0,0,0,0.0,0.0,0,0,PortScan,Friday-WorkingHours-Afternoon-PortScan.pcap_ISCX.csv
7007,36,1,1,2,6,2,2,2.0,0.0,6,6,6.0,0.0,222222.2222,55555.55556,36.0,0.0,36,36,0,0.0,0.0,0,0,0,0.0,0.0,0,0,0,0,0,0,24,20,27777.77778,27777.77778,2,6,3.333333333,2.309401077,5.333333333,0,0,0,1,0,0,0,0,1,5.0,2.0,6.0,0,0,0,0,0,0,1,2,1,6,1024,0,0,24,0.0,0.0,0,0,0.0,0.0,0,0,PortScan,Friday-WorkingHours-Afternoon-PortScan.pcap_ISCX.csv
22,141,1,1,6,6,6,6,6.0,0.0,6,6,6.0,0.0,85106.38298,14184.39716,141.0,0.0,141,141,0,0.0,0.0,0,0,0,0.0,0.0,0,0,0,0,0,0,20,20,7092.198582,7092.198582,6,6,6.0,0.0,0.0,0,0,0,0,1,1,0,0,1,9.0,6.0,6.0,0,0,0,0,0,0,1,6,1,6,256,245,0,20,0.0,0.0,0,0,0.0,0.0,0,0,BENIGN,Friday-WorkingHours-Afternoon-PortScan.pcap_ISCX.csv
22,1392451,39,44,2710,6742,408,0,69.48717949,102.0667665,976,0,153.2272727,312.1874708,6788.030602,59.60712442,16981.10976,106478.9593,959123,1,1392451,36643.44737,163704.0964,999349,3,433209,10074.62791,21380.36481,90463,1,0,0,0,0,804,904,28.00816689,31.59895752,0,976,112.5238095,239.0867905,57162.4934,0,0,0,1,0,0,0,0,1,113.8795181,69.48717949,153.2272727,0,0,0,0,0,0,39,2710,44,6742,8192,245,37,20,0.0,0.0,0,0,0.0,0.0,0,0,BENIGN,Friday-WorkingHours-Afternoon-PortScan.pcap_ISCX.csv
443,109917810,14,9,558,9397,205,0,39.85714286,70.11513295,2920,0,1044.111111,972.9232298,90.56767052,0.209247255,4996264.091,23300000.0,109000000,0,110000000,8455216.154,30400000.0,109000000,65,410071,51258.875,119997.729,346296,204,0,0,0,0,292,192,0.127367894,0.081879361,0,2920,414.7916667,761.6072238,580045.5634,0,0,0,1,0,0,0,0,0,432.826087,39.85714286,1044.111111,0,0,0,0,0,0,14,558,9,9397,65535,980,13,20,0.0,0.0,0,0,0.0,0.0,0,0,BENIGN,Friday-WorkingHours-Afternoon-PortScan.pcap_ISCX.csv
80,109898156,5,3,231,1738,213,0,46.2,93.28022298,1732,0,579.3333333,998.2431234,17.91658815,0.07279467,15700000.0,41500000.0,110000000,32,110000000,27500000.0,54900000.0,110000000,63,24020,12010.0,16073.95135,23376,644,0,0,0,0,112,72,0.045496669,0.027298001,0,1732,218.7777778,571.6821184,326820.4444,0,0,0,1,0,0,0,0,0,246.125,46.2,579.3333333,0,0,0,0,0,0,5,231,3,1738,8192,946,4,20,0.0,0.0,0,0,0.0,0.0,0,0,BENIGN,Friday-WorkingHours-Afternoon-PortScan.pcap_ISCX.csv
80,109815835,5,3,247,1780,229,0,49.4,100.4330623,1774,0,593.3333333,1022.491728,18.45817591,0.072849239,15700000.0,41500000.0,110000000,6,110000000,27500000.0,54900000.0,110000000,108,24101,12050.5,16095.87166,23432,669,0,0,0,0,112,72,0.045530774,0.027318465,0,1774,225.2222222,585.5697605,342891.9444,0,0,0,1,0,0,0,0,0,253.375,49.4,593.3333333,0,0,0,0,0,0,5,247,3,1780,8192,946,4,20,0.0,0.0,0,0,0.0,0.0,0,0,BENIGN,Friday-WorkingHours-Afternoon-PortScan.pcap_ISCX.csv
53,30498,1,1,51,67,51,51,51.0,0.0,67,67,67.0,0.0,3869.106171,65.57807069,30498.0,0.0,30498,30498,0,0.0,0.0,0,0,0,0.0,0.0,0,0,0,0,0,0,32,20,32.78903535,32.78903535,51,67,56.33333333,9.237604307,85.33333333,0,0,0,0,0,0,0,0,1,84.5,51.0,67.0,0,0,0,0,0,0,1,51,1,67,-1,-1,0,32,0.0,0.0,0,0,0.0,0.0,0,0,BENIGN,Friday-WorkingHours-Afternoon-PortScan.pcap_ISCX.csv
53,91557,1,1,41,143,41,41,41.0,0.0,143,143,143.0,0.0,2009.677032,21.84431556,91557.0,0.0,91557,91557,0,0.0,0.0,0,0,0,0.0,0.0,0,0,0,0,0,0,20,20,10.92215778,10.92215778,41,143,75.0,58.88972746,3468.0,0,0,0,0,0,0,0,0,1,112.5,41.0,143.0,0,0,0,0,0,0,1,41,1,143,-1,-1,0,20,0.0,0.0,0,0,0.0,0.0,0,0,BENIGN,Friday-WorkingHours-Afternoon-PortScan.pcap_ISCX.csv
53246,86,1,2,6,12,6,6,6.0,0.0,6,6,6.0,0.0,209302.3256,34883.72093,43.0,7.071067812,48,38,0,0.0,0.0,0,0,48,48.0,0.0,48,48,0,0,0,0,20,40,11627.90698,23255.81395,6,6,6.0,0.0,0.0,0,0,0,0,1,1,0,0,2,8.0,6.0,6.0,0,0,0,0,0,0,1,6,2,12,245,256,0,20,0.0,0.0,0,0,0.0,0.0,0,0,BENIGN,Friday-WorkingHours-Afternoon-PortScan.pcap_ISCX.csv
53,91946,4,2,120,264,30,30,30.0,0.0,132,132,132.0,0.0,4176.364388,65.25569356,18389.2,30970.70695,71480,3,20463,6821.0,11802.19488,20449,3,3,3.0,0.0,3,3,0,0,0,0,80,40,43.50379571,21.75189785,30,132,59.14285714,49.77090372,2477.142857,0,0,0,0,0,0,0,0,0,69.0,30.0,132.0,0,0,0,0,0,0,4,120,2,264,-1,-1,3,20,0.0,0.0,0,0,0.0,0.0,0,0,BENIGN,Friday-WorkingHours-Afternoon-PortScan.pcap_ISCX.csv
53,30978,4,2,184,298,46,46,46.0,0.0,149,149,149.0,0.0,15559.42927,193.6858416,6195.6,8851.151919,19148,3,19200,6400.0,11040.11377,19148,4,3,3.0,0.0,3,3,0,0,0,0,116,40,129.1238944,64.56194719,46,149,75.42857143,50.25885376,2525.952381,0,0,0,0,0,0,0,0,0,88.0,46.0,149.0,0,0,0,0,0,0,4,184,2,298,-1,-1,3,20,0.0,0.0,0,0,0.0,0.0,0,0,BENIGN,Friday-WorkingHours-Afternoon-PortScan.pcap_ISCX.csv
53,185,2,2,60,264,30,30,30.0,0.0,132,132,132.0,0.0,1751351.351,21621.62162,61.66666667,65.91914239,133,3,3,3.0,0.0,3,3,49,49.0,0.0,49,49,0,0,0,0,40,40,10810.81081,10810.81081,30,132,70.8,55.86770087,3121.2,0,0,0,0,0,0,0,0,1,88.5,30.0,132.0,0,0,0,0,0,0,2,60,2,264,-1,-1,1,20,0.0,0.0,0,0,0.0,0.0,0,0,BENIGN,Friday-WorkingHours-Afternoon-PortScan.pcap_ISCX.csv
22,7,1,1,6,6,6,6,6.0,0.0,6,6,6.0,0.0,1714285.714,285714.2857,7.0,0.0,7,7,0,0.0,0.0,0,0,0,0.0,0.0,0,0,0,0,0,0,20,20,142857.1429,142857.1429,6,6,6.0,0.0,0.0,0,0,0,0,1,0,0,0,1,9.0,6.0,6.0,0,0,0,0,0,0,1,6,1,6,250,245,0,20,0.0,0.0,0,0,0.0,0.0,0,0,BENIGN,Friday-WorkingHours-Afternoon-PortScan.pcap_ISCX.csv
22,161,1,1,6,6,6,6,6.0,0.0,6,6,6.0,0.0,74534.16149,12422.36025,161.0,0.0,161,161,0,0.0,0.0,0,0,0,0.0,0.0,0,0,0,0,0,0,20,20,6211.180124,6211.180124,6,6,6.0,0.0,0.0,0,0,0,0,1,1,0,0,1,9.0,6.0,6.0,0,0,0,0,0,0,1,6,1,6,250,245,0,20,0.0,0.0,0,0,0.0,0.0,0,0,BENIGN,Friday-WorkingHours-Afternoon-PortScan.pcap_ISCX.csv
443,116041518,23,21,13024,5289,5472,0,566.2608696,1417.827346,4171,0,251.8571429,916.9825127,157.8142058,0.379174633,2698639.953,4410516.237,10000000,3,116000000,5274614.455,5004365.525,10100000,3,111000000,5533669.05,5120833.764,10100000,218,0,0,0,0,744,680,0.198204922,0.180969711,0,5472,406.9555556,1189.888955,1415835.725,0,0,0,1,0,0,0,0,0,416.2045455,566.2608696,251.8571429,0,0,0,0,0,0,23,13024,21,5289,29200,562,7,32,52057.91667,51638.6567,216020,36713,9618068.333,1350296.766,10000000,5330594,BENIGN,Friday-WorkingHours-Afternoon-PortScan.pcap_ISCX.csv
443,115830094,25,21,2219,7935,613,0,88.76,202.5854305,1418,0,377.8571429,561.3645238,87.66288319,0.397133408,2574002.089,4342198.113,10000000,3,116000000,4826253.917,5006314.391,10100000,3,111000000,5539000.9,5115036.047,10100000,3,0,0,0,0,808,680,0.215833374,0.181300034,0,1418,216.0425532,424.4982182,180198.7373,0,0,0,1,0,0,0,0,0,220.7391304,88.76,377.8571429,0,0,0,0,0,0,25,2219,21,7935,29200,377,6,32,57282.41667,71204.57355,283387,36534,9595225.167,1443100.987,10000000,5012823,BENIGN,Friday-WorkingHours-Afternoon-PortScan.pcap_ISCX.csv
53,30872,1,1,60,76,60,60,60.0,0.0,76,76,76.0,0.0,4405.286344,64.7836227,30872.0,0.0,30872,30872,0,0.0,0.0,0,0,0,0.0,0.0,0,0,0,0,0,0,32,32,32.39181135,32.39181135,60,76,65.33333333,9.237604307,85.33333333,0,0,0,0,0,0,0,0,1,98.0,60.0,76.0,0,0,0,0,0,0,1,60,1,76,-1,-1,0,32,0.0,0.0,0,0,0.0,0.0,0,0,BENIGN,Friday-WorkingHours-Afternoon-PortScan.pcap_ISCX.csv
53,30820,1,1,60,88,60,60,60.0,0.0,88,88,88.0,0.0,4802.076574,64.89292667,30820.0,0.0,30820,30820,0,0.0,0.0,0,0,0,0.0,0.0,0,0,0,0,0,0,32,32,32.44646334,32.44646334,60,88,69.33333333,16.16580754,261.3333333,0,0,0,0,0,0,0,0,1,104.0,60.0,88.0,0,0,0,0,0,0,1,60,1,88,-1,-1,0,32,0.0,0.0,0,0,0.0,0.0,0,0,BENIGN,Friday-WorkingHours-Afternoon-PortScan.pcap_ISCX.csv
53,31416,2,2,94,220,47,47,47.0,0.0,110,110,110.0,0.0,9994.907054,127.3236567,10472.0,18096.48145,31368,1,1,1.0,0.0,1,1,47,47.0,0.0,47,47,0,0,0,0,64,64,63.66182837,63.66182837,47,110,72.2,34.50652112,1190.7,0,0,0,0,0,0,0,0,1,90.25,47.0,110.0,0,0,0,0,0,0,2,94,2,220,-1,-1,1,32,0.0,0.0,0,0,0.0,0.0,0,0,BENIGN,Friday-WorkingHours-Afternoon-PortScan.pcap_ISCX.csv
53,269,2,2,82,176,41,41,41.0,0.0,88,88,88.0,0.0,959107.8067,14869.88848,89.66666667,153.5751716,267,1,1,1.0,0.0,1,1,1,1.0,0.0,1,1,0,0,0,0,64,64,7434.944238,7434.944238,41,88,59.8,25.7429602,662.7,0,0,0,0,0,0,0,0,1,74.75,41.0,88.0,0,0,0,0,0,0,2,82,2,176,-1,-1,1,32,0.0,0.0,0,0,0.0,0.0,0,0,BENIGN,Friday-WorkingHours-Afternoon-PortScan.pcap_ISCX.csv
53,265,2,2,82,152,41,41,41.0,0.0,76,76,76.0,0.0,883018.8679,15094.33962,88.33333333,105.2916584,206,3,3,3.0,0.0,3,3,56,56.0,0.0,56,56,0,0,0,0,64,64,7547.169811,7547.169811,41,76,55.0,19.17028951,367.5,0,0,0,0,0,0,0,0,1,68.75,41.0,76.0,0,0,0,0,0,0,2,82,2,152,-1,-1,1,32,0.0,0.0,0,0,0.0,0.0,0,0,BENIGN,Friday-WorkingHours-Afternoon-PortScan.pcap_ISCX.csv
52939,64,1,1,6,6,6,6,6.0,0.0,6,6,6.0,0.0,187500.0,31250.0,64.0,0.0,64,64,0,0.0,0.0,0,0,0,0.0,0.0,0,0,0,0,0,0,20,20,15625.0,15625.0,6,6,6.0,0.0,0.0,0,0,0,0,1,1,0,0,1,9.0,6.0,6.0,0,0,0,0,0,0,1,6,1,6,237,256,0,20,0.0,0.0,0,0,0.0,0.0,0,0,Bot,Friday-WorkingHours-Morning.pcap_ISCX.csv
8080,199952,5,4,213,145,195,0,42.6,85.23379611,129,0,36.25,61.96975069,1790.429703,45.01080259,24994.0,69779.49813,197688,48,199952,49988.0,98948.56856,198410,64,198483,66161.0,113905.8911,197688,202,0,0,0,0,112,92,25.00600144,20.00480115,0,195,35.8,68.38908295,4677.066667,0,0,0,1,0,0,0,0,0,39.77777778,42.6,36.25,0,0,0,0,0,0,5,213,4,145,8192,237,4,20,0.0,0.0,0,0,0.0,0.0,0,0,Bot,Friday-WorkingHours-Morning.pcap_ISCX.csv
8080,82322,26,34,70312,320,6060,0,2704.307692,1652.450175,128,0,9.411764706,20.97923598,857996.6473,728.8452661,1395.288136,9584.868603,73761,0,82322,3292.88,15362.53306,77027,47,81077,2456.878788,12801.5813,73761,1,0,0,0,0,532,692,315.8329487,413.0123175,0,6060,1157.901639,1715.821958,2944044.99,0,0,0,1,0,0,0,0,1,1177.2,2704.307692,9.411764706,0,0,0,0,0,0,26,70312,34,320,8192,1255,25,20,0.0,0.0,0,0,0.0,0.0,0,0,Bot,Friday-WorkingHours-Morning.pcap_ISCX.csv
8080,183104,5,4,212,145,194,0,42.4,84.78679142,129,0,36.25,61.96975069,1949.711639,49.15239427,22888.0,63862.38744,180938,18,183104,45776.0,90577.08252,181641,103,181707,60569.0,104242.7579,180938,210,0,0,0,0,112,92,27.3068857,21.84550856,0,194,35.7,68.13067509,4641.788889,0,0,0,1,0,0,0,0,0,39.66666667,42.4,36.25,0,0,0,0,0,0,5,212,4,145,8192,237,4,20,0.0,0.0,0,0,0.0,0.0,0,0,Bot,Friday-WorkingHours-Morning.pcap_ISCX.csv
51772,16,1,1,6,6,6,6,6.0,0.0,6,6,6.0,0.0,750000.0,125000.0,16.0,0.0,16,16,0,0.0,0.0,0,0,0,0.0,0.0,0,0,0,0,0,0,20,20,62500.0,62500.0,6,6,6.0,0.0,0.0,0,0,0,0,1,1,0,0,1,9.0,6.0,6.0,0,0,0,0,0,0,1,6,1,6,237,256,0,20,0.0,0.0,0,0,0.0,0.0,0,0,Bot,Friday-WorkingHours-Morning.pcap_ISCX.csv
51773,17,1,1,6,6,6,6,6.0,0.0,6,6,6.0,0.0,705882.3529,117647.0588,17.0,0.0,17,17,0,0.0,0.0,0,0,0,0.0,0.0,0,0,0,0,0,0,20,20,58823.52941,58823.52941,6,6,6.0,0.0,0.0,0,0,0,0,1,1,0,0,1,9.0,6.0,6.0,0,0,0,0,0,0,1,6,1,6,1255,256,0,20,0.0,0.0,0,0,0.0,0.0,0,0,Bot,Friday-WorkingHours-Morning.pcap_ISCX.csv
4272,4,1,1,6,6,6,6,6.0,0.0,6,6,6.0,0.0,3000000.0,500000.0,4.0,0.0,4,4,0,0.0,0.0,0,0,0,0.0,0.0,0,0,0,0,0,0,20,20,250000.0,250000.0,6,6,6.0,0.0,0.0,0,0,0,0,1,1,0,0,1,9.0,6.0,6.0,0,0,0,0,0,0,1,6,1,6,237,256,0,20,0.0,0.0,0,0,0.0,0.0,0,0,Bot,Friday-WorkingHours-Morning.pcap_ISCX.csv
8080,108858,39,81,201913,602,20440,0,5177.25641,4950.125409,128,0,7.432098765,13.58025982,1860359.367,1102.353525,914.7731092,7949.129983,86845,0,108858,2864.684211,15347.68066,94957,4,107356,1341.95,9689.808151,86845,0,0,0,0,0,792,1632,358.2648956,744.0886292,0,20440,1673.677686,3694.107859,13600000.0,0,0,0,1,0,0,0,0,2,1687.625,5177.25641,7.432098765,0,0,0,0,0,0,39,201913,81,602,8192,1255,38,20,0.0,0.0,0,0,0.0,0.0,0,0,Bot,Friday-WorkingHours-Morning.pcap_ISCX.csv
8080,212037,5,4,214,145,196,0,42.8,85.68080298,129,0,36.25,61.96975069,1693.100732,42.44542226,26504.625,74217.87138,210184,29,212037,53009.25,105348.7249,211032,29,211034,70344.66667,121104.5786,210184,226,0,0,0,0,112,92,23.58079015,18.86463212,0,196,35.9,68.6479748,4712.544444,0,0,0,1,0,0,0,0,0,39.88888889,42.8,36.25,0,0,0,0,0,0,5,214,4,145,8192,237,4,20,0.0,0.0,0,0,0.0,0.0,0,0,Bot,Friday-WorkingHours-Morning.pcap_ISCX.csv
8080,120904,33,68,146714,524,18980,0,4445.878788,3872.396446,128,0,7.705882353,14.82339702,1217809.171,835.3735195,1209.04,9995.237565,99973,0,120904,3778.25,19749.72262,111999,3,119604,1785.134328,12201.11908,99973,0,0,0,0,0,672,1372,272.9438232,562.4296963,0,18980,1443.509804,3017.451648,9105014.45,0,0,0,1,0,0,0,0,2,1457.80198,4445.878788,7.705882353,0,0,0,0,0,0,33,146714,68,524,8192,1278,32,20,0.0,0.0,0,0,0.0,0.0,0,0,Bot,Friday-WorkingHours-Morning.pcap_ISCX.csv
8080,69322,4,3,207,134,195,0,51.75,95.54187564,128,0,44.66666667,72.23111056,4919.07331,100.9780445,11553.66667,27372.67937,67425,20,69322,23107.33333,39476.85703,68690,20,68034,34017.0,47246.04669,67425,609,0,0,0,0,92,72,57.70173971,43.27630478,0,195,42.625,75.57576615,5711.696429,0,0,0,1,0,0,0,0,0,48.71428571,51.75,44.66666667,0,0,0,0,0,0,4,207,3,134,8192,237,3,20,0.0,0.0,0,0,0.0,0.0,0,0,Bot,Friday-WorkingHours-Morning.pcap_ISCX.csv
53877,45,1,1,6,6,6,6,6.0,0.0,6,6,6.0,0.0,266666.6667,44444.44444,45.0,0.0,45,45,0,0.0,0.0,0,0,0,0.0,0.0,0,0,0,0,0,0,20,20,22222.22222,22222.22222,6,6,6.0,0.0,0.0,0,0,0,0,1,1,0,0,1,9.0,6.0,6.0,0,0,0,0,0,0,1,6,1,6,237,256,0,20,0.0,0.0,0,0,0.0,0.0,0,0,Bot,Friday-WorkingHours-Morning.pcap_ISCX.csv
53878,65,1,1,6,6,6,6,6.0,0.0,6,6,6.0,0.0,184615.3846,30769.23077,65.0,0.0,65,65,0,0.0,0.0,0,0,0,0.0,0.0,0,0,0,0,0,0,20,20,15384.61538,15384.61538,6,6,6.0,0.0,0.0,0,0,0,0,1,1,0,0,1,9.0,6.0,6.0,0,0,0,0,0,0,1,6,1,6,1278,256,0,20,0.0,0.0,0,0,0.0,0.0,0,0,Bot,Friday-WorkingHours-Morning.pcap_ISCX.csv
4273,3,1,1,6,6,6,6,6.0,0.0,6,6,6.0,0.0,4000000.0,666666.6667,3.0,0.0,3,3,0,0.0,0.0,0,0,0,0.0,0.0,0,0,0,0,0,0,20,20,333333.3333,333333.3333,6,6,6.0,0.0,0.0,0,0,0,0,1,1,0,0,1,9.0,6.0,6.0,0,0,0,0,0,0,1,6,1,6,1255,256,0,20,0.0,0.0,0,0,0.0,0.0,0,0,Bot,Friday-WorkingHours-Morning.pcap_ISCX.csv
52940,65,1,1,6,6,6,6,6.0,0.0,6,6,6.0,0.0,184615.3846,30769.23077,65.0,0.0,65,65,0,0.0,0.0,0,0,0,0.0,0.0,0,0,0,0,0,0,20,20,15384.61538,15384.61538,6,6,6.0,0.0,0.0,0,0,0,0,1,1,0,0,1,9.0,6.0,6.0,0,0,0,0,0,0,1,6,1,6,237,256,0,20,0.0,0.0,0,0,0.0,0.0,0,0,Bot,Friday-WorkingHours-Morning.pcap_ISCX.csv
53,49624,1,1,85,163,85,85,85.0,0.0,163,163,163.0,0.0,4997.581815,40.30307916,49624.0,0.0,49624,49624,0,0.0,0.0,0,0,0,0.0,0.0,0,0,0,0,0,0,20,32,20.15153958,20.15153958,85,163,111.0,45.033321,2028.0,0,0,0,0,0,0,0,0,1,166.5,85.0,163.0,0,0,0,0,0,0,1,85,1,163,-1,-1,0,20,0.0,0.0,0,0,0.0,0.0,0,0,BENIGN,Friday-WorkingHours-Morning.pcap_ISCX.csv
53,24275,1,1,45,173,45,45,45.0,0.0,173,173,173.0,0.0,8980.432544,82.38928939,24275.0,0.0,24275,24275,0,0.0,0.0,0,0,0,0.0,0.0,0,0,0,0,0,0,20,20,41.1946447,41.1946447,45,173,87.66666667,73.90083446,5461.333333,0,0,0,0,0,0,0,0,1,131.5,45.0,173.0,0,0,0,0,0,0,1,45,1,173,-1,-1,0,20,0.0,0.0,0,0,0.0,0.0,0,0,BENIGN,Friday-WorkingHours-Morning.pcap_ISCX.csv
53,143442,4,2,176,664,44,44,44.0,0.0,332,332,332.0,0.0,5856.025432,41.82875308,28688.4,48057.59127,110893,1,32545,10848.33333,18747.44399,32496,1,4,4.0,0.0,4,4,0,0,0,0,80,40,27.88583539,13.94291769,44,332,126.2857143,140.5296105,19748.57143,0,0,0,0,0,0,0,0,0,147.3333333,44.0,332.0,0,0,0,0,0,0,4,176,2,664,-1,-1,3,20,0.0,0.0,0,0,0.0,0.0,0,0,BENIGN,Friday-WorkingHours-Morning.pcap_ISCX.csv
53,50758,1,1,39,317,39,39,39.0,0.0,317,317,317.0,0.0,7013.672722,39.40265574,50758.0,0.0,50758,50758,0,0.0,0.0,0,0,0,0.0,0.0,0,0,0,0,0,0,20,20,19.70132787,19.70132787,39,317,131.6666667,160.5033748,25761.33333,0,0,0,0,0,0,0,0,1,197.5,39.0,317.0,0,0,0,0,0,0,1,39,1,317,-1,-1,0,20,0.0,0.0,0,0,0.0,0.0,0,0,BENIGN,Friday-WorkingHours-Morning.pcap_ISCX.csv
53,23928,1,1,40,125,40,40,40.0,0.0,125,125,125.0,0.0,6895.687061,83.58408559,23928.0,0.0,23928,23928,0,0.0,0.0,0,0,0,0.0,0.0,0,0,0,0,0,0,20,20,41.7920428,41.7920428,40,125,68.33333333,49.07477288,2408.333333,0,0,0,0,0,0,0,0,1,102.5,40.0,125.0,0,0,0,0,0,0,1,40,1,125,-1,-1,0,20,0.0,0.0,0,0,0.0,0.0,0,0,BENIGN,Friday-WorkingHours-Morning.pcap_ISCX.csv
53,23746,1,1,85,167,85,85,85.0,0.0,167,167,167.0,0.0,10612.31365,84.22471153,23746.0,0.0,23746,23746,0,0.0,0.0,0,0,0,0.0,0.0,0,0,0,0,0,0,32,20,42.11235577,42.11235577,85,167,112.3333333,47.34272207,2241.333333,0,0,0,0,0,0,0,0,1,168.5,85.0,167.0,0,0,0,0,0,0,1,85,1,167,-1,-1,0,32,0.0,0.0,0,0,0.0,0.0,0,0,BENIGN,Friday-WorkingHours-Morning.pcap_ISCX.csv
53,25266,1,1,44,120,44,44,44.0,0.0,120,120,120.0,0.0,6490.936436,79.15776142,25266.0,0.0,25266,25266,0,0.0,0.0,0,0,0,0.0,0.0,0,0,0,0,0,0,20,32,39.57888071,39.57888071,44,120,69.33333333,43.87862046,1925.333333,0,0,0,0,0,0,0,0,1,104.0,44.0,120.0,0,0,0,0,0,0,1,44,1,120,-1,-1,0,20,0.0,0.0,0,0,0.0,0.0,0,0,BENIGN,Friday-WorkingHours-Morning.pcap_ISCX.csv
53,49137,1,1,49,258,49,49,49.0,0.0,258,258,258.0,0.0,6247.837678,40.70252559,49137.0,0.0,49137,49137,0,0.0,0.0,0,0,0,0.0,0.0,0,0,0,0,0,0,20,20,20.3512628,20.3512628,49,258,118.6666667,120.6662063,14560.33333,0,0,0,0,0,0,0,0,1,178.0,49.0,258.0,0,0,0,0,0,0,1,49,1,258,-1,-1,0,20,0.0,0.0,0,0,0.0,0.0,0,0,BENIGN,Friday-WorkingHours-Morning.pcap_ISCX.csv
53,24041,1,1,95,223,95,95,95.0,0.0,223,223,223.0,0.0,13227.40319,83.19121501,24041.0,0.0,24041,24041,0,0.0,0.0,0,0,0,0.0,0.0,0,0,0,0,0,0,32,20,41.5956075,41.5956075,95,223,137.6666667,73.90083446,5461.333333,0,0,0,0,0,0,0,0,1,206.5,95.0,223.0,0,0,0,0,0,0,1,95,1,223,-1,-1,0,32,0.0,0.0,0,0,0.0,0.0,0,0,BENIGN,Friday-WorkingHours-Morning.pcap_ISCX.csv
53,51327,4,2,112,612,28,28,28.0,0.0,306,306,306.0,0.0,14105.63641,116.8975393,10265.4,14879.14911,32636,3,32686,10895.33333,18827.98248,32636,3,4,4.0,0.0,4,4,0,0,0,0,80,40,77.93169287,38.96584644,28,306,107.4285714,135.6501101,18400.95238,0,0,0,0,0,0,0,0,0,125.3333333,28.0,306.0,0,0,0,0,0,0,4,112,2,612,-1,-1,3,20,0.0,0.0,0,0,0.0,0.0,0,0,BENIGN,Friday-WorkingHours-Morning.pcap_ISCX.csv
53,24838,1,1,78,159,78,78,78.0,0.0,159,159,159.0,0.0,9541.831065,80.52178114,24838.0,0.0,24838,24838,0,0.0,0.0,0,0,0,0.0,0.0,0,0,0,0,0,0,20,20,40.26089057,40.26089057,78,159,105.0,46.7653718,2187.0,0,0,0,0,0,0,0,0,1,157.5,78.0,159.0,0,0,0,0,0,0,1,78,1,159,-1,-1,0,20,0.0,0.0,0,0,0.0,0.0,0,0,BENIGN,Friday-WorkingHours-Morning.pcap_ISCX.csv
53,48529,1,1,77,159,77,77,77.0,0.0,159,159,159.0,0.0,4863.071565,41.21247089,48529.0,0.0,48529,48529,0,0.0,0.0,0,0,0,0.0,0.0,0,0,0,0,0,0,20,20,20.60623545,20.60623545,77,159,104.3333333,47.34272207,2241.333333,0,0,0,0,0,0,0,0,1,156.5,77.0,159.0,0,0,0,0,0,0,1,77,1,159,-1,-1,0,20,0.0,0.0,0,0,0.0,0.0,0,0,BENIGN,Friday-WorkingHours-Morning.pcap_ISCX.csv
53,47844,1,1,45,240,45,45,45.0,0.0,240,240,240.0,0.0,5956.859794,41.80252487,47844.0,0.0,47844,47844,0,0.0,0.0,0,0,0,0.0,0.0,0,0,0,0,0,0,32,20,20.90126244,20.90126244,45,240,110.0,112.5833025,12675.0,0,0,0,0,0,0,0,0,1,165.0,45.0,240.0,0,0,0,0,0,0,1,45,1,240,-1,-1,0,32,0.0,0.0,0,0,0.0,0.0,0,0,BENIGN,Friday-WorkingHours-Morning.pcap_ISCX.csv
53,54280,4,4,132,1000,33,33,33.0,0.0,250,250,250.0,0.0,20854.82682,147.3839352,7754.285714,12998.10345,27959,1,53600,17866.66667,30903.54812,53551,1,28688,9562.666667,16479.02007,28591,48,0,0,0,0,80,80,73.69196758,73.69196758,33,250,129.4444444,114.369042,13080.27778,0,0,0,0,0,0,0,0,1,145.625,33.0,250.0,0,0,0,0,0,0,4,132,4,1000,-1,-1,3,20,0.0,0.0,0,0,0.0,0.0,0,0,BENIGN,Friday-WorkingHours-Morning.pcap_ISCX.csv
53,24355,1,1,45,61,45,45,45.0,0.0,61,61,61.0,0.0,4352.289058,82.11866147,24355.0,0.0,24355,24355,0,0.0,0.0,0,0,0,0.0,0.0,0,0,0,0,0,0,20,20,41.05933073,41.05933073,45,61,50.33333333,9.237604307,85.33333333,0,0,0,0,0,0,0,0,1,75.5,45.0,61.0,0,0,0,0,0,0,1,45,1,61,-1,-1,0,20,0.0,0.0,0,0,0.0,0.0,0,0,BENIGN,Friday-WorkingHours-Morning.pcap_ISCX.csv
53,25193,1,1,78,206,78,78,78.0,0.0,206,206,206.0,0.0,11272.97265,79.38713135,25193.0,0.0,25193,25193,0,0.0,0.0,0,0,0,0.0,0.0,0,0,0,0,0,0,20,20,39.69356567,39.69356567,78,206,120.6666667,73.90083446,5461.333333,0,0,0,0,0,0,0,0,1,181.0,78.0,206.0,0,0,0,0,0,0,1,78,1,206,-1,-1,0,20,0.0,0.0,0,0,0.0,0.0,0,0,BENIGN,Friday-WorkingHours-Morning.pcap_ISCX.csv
53,23845,1,1,40,296,40,40,40.0,0.0,296,296,296.0,0.0,14091.0044,83.87502621,23845.0,0.0,23845,23845,0,0.0,0.0,0,0,0,0.0,0.0,0,0,0,0,0,0,20,20,41.93751311,41.93751311,40,296,125.3333333,147.8016689,21845.33333,0,0,0,0,0,0,0,0,1,188.0,40.0,296.0,0,0,0,0,0,0,1,40,1,296,-1,-1,0,20,0.0,0.0,0,0,0.0,0.0,0,0,BENIGN,Friday-WorkingHours-Morning.pcap_ISCX.csv
53,47302,1,1,59,120,59,59,59.0,0.0,120,120,120.0,0.0,3784.195171,42.2815103,47302.0,0.0,47302,47302,0,0.0,0.0,0,0,0,0.0,0.0,0,0,0,0,0,0,20,20,21.14075515,21.14075515,59,120,79.33333333,35.21836642,1240.333333,0,0,0,0,0,0,0,0,1,119.0,59.0,120.0,0,0,0,0,0,0,1,59,1,120,-1,-1,0,20,0.0,0.0,0,0,0.0,0.0,0,0,BENIGN,Friday-WorkingHours-Morning.pcap_ISCX.csv
53,203918,1,1,47,155,47,47,47.0,0.0,155,155,155.0,0.0,990.5942585,9.807863945,203918.0,0.0,203918,203918,0,0.0,0.0,0,0,0,0.0,0.0,0,0,0,0,0,0,20,20,4.903931973,4.903931973,47,155,83.0,62.35382907,3888.0,0,0,0,0,0,0,0,0,1,124.5,47.0,155.0,0,0,0,0,0,0,1,47,1,155,-1,-1,0,20,0.0,0.0,0,0,0.0,0.0,0,0,BENIGN,Friday-WorkingHours-Morning.pcap_ISCX.csv
53,340,2,2,76,652,38,38,38.0,0.0,326,326,326.0,0.0,2141176.471,11764.70588,113.3333333,153.9361339,289,2,49,49.0,0.0,49,49,2,2.0,0.0,2,2,0,0,0,0,40,40,5882.352941,5882.352941,38,326,153.2,157.7440966,24883.2,0,0,0,0,0,0,0,0,1,191.5,38.0,326.0,0,0,0,0,0,0,2,76,2,652,-1,-1,1,20,0.0,0.0,0,0,0.0,0.0,0,0,BENIGN,Friday-WorkingHours-Morning.pcap_ISCX.csv
53,24962,1,1,39,295,39,39,39.0,0.0,295,295,295.0,0.0,13380.33811,80.12178511,24962.0,0.0,24962,24962,0,0.0,0.0,0,0,0,0.0,0.0,0,0,0,0,0,0,32,20,40.06089256,40.06089256,39,295,124.3333333,147.8016689,21845.33333,0,0,0,0,0,0,0,0,1,186.5,39.0,295.0,0,0,0,0,0,0,1,39,1,295,-1,-1,0,32,0.0,0.0,0,0,0.0,0.0,0,0,BENIGN,Friday-WorkingHours-Morning.pcap_ISCX.csv
53,193,2,2,66,386,33,33,33.0,0.0,193,193,193.0,0.0,2341968.912,20725.3886,64.33333333,72.88575535,144,1,1,1.0,0.0,1,1,48,48.0,0.0,48,48,0,0,0,0,40,40,10362.6943,10362.6943,33,193,97.0,87.6356092,7680.0,0,0,0,0,0,0,0,0,1,121.25,33.0,193.0,0,0,0,0,0,0,2,66,2,386,-1,-1,1,20,0.0,0.0,0,0,0.0,0.0,0,0,BENIGN,Friday-WorkingHours-Morning.pcap_ISCX.csv
53,23892,1,1,95,177,95,95,95.0,0.0,177,177,177.0,0.0,11384.56387,83.71002846,23892.0,0.0,23892,23892,0,0.0,0.0,0,0,0,0.0,0.0,0,0,0,0,0,0,20,20,41.85501423,41.85501423,95,177,122.3333333,47.34272207,2241.333333,0,0,0,0,0,0,0,0,1,183.5,95.0,177.0,0,0,0,0,0,0,1,95,1,177,-1,-1,0,20,0.0,0.0,0,0,0.0,0.0,0,0,BENIGN,Friday-WorkingHours-Morning.pcap_ISCX.csv
53,6134445,2,2,140,238,78,62,70.0,11.3137085,160,78,119.0,57.98275606,61.61926629,0.652055728,2044815.0,3477730.853,6060524,23815,6084339,6084339.0,0.0,6084339,6084339,6110630,6110630.0,0.0,6110630,6110630,0,0,0,0,40,40,0.326027864,0.326027864,62,160,91.2,39.07940634,1527.2,0,0,0,0,0,0,0,0,1,114.0,70.0,119.0,0,0,0,0,0,0,2,140,2,238,-1,-1,1,20,23815.0,0.0,23815,23815,6060524.0,0.0,6060524,6060524,BENIGN,Friday-WorkingHours-Morning.pcap_ISCX.csv
53,18334509,2,2,103,378,60,43,51.5,12.02081528,241,137,189.0,73.53910524,26.23468128,0.218167828,6111503.0,10500000.0,18200000,24969,18300000,18300000.0,0.0,18300000,18300000,18300000,18300000.0,0.0,18300000,18300000,0,0,0,0,40,72,0.109083914,0.109083914,43,241,104.8,85.48801086,7308.2,0,0,0,0,0,0,0,0,1,131.0,51.5,189.0,0,0,0,0,0,0,2,103,2,378,-1,-1,1,20,73817.0,0.0,73817,73817,18200000.0,0.0,18200000,18200000,BENIGN,Friday-WorkingHours-Morning.pcap_ISCX.csv
